SEM_EXM_EXCH_ID, SEM_SEGMENT,SEM_SMST_SECURITY_ID,SEM_INSTRUMENT_NAME,SEM_EXPIRY_CODE,SEM_TRADING_SYMBOL,SEM_LOT_UNITS,SEM_CUSTOM_SYMBOL,SEM_EXPIRY_DATE,SEM_STRIKE_PRICE,SEM_OPTION_TYPE,SEM_TICK_SIZE,SEM_EXPIRY_FLAG,SEM_EXCH_INSTRUMENT_TYPE,SEM_SERIES,SM_SYMBOL_NAME
NSE,D,35000,OPTIDX,0,BANKNIFTY-Jun2024-53800-CE,15,BANKNIFTY 19 JUN 53800 CALL,19-06-2024 14:30,53800,CE,5,W,OP,,
NSE,D,35001,OPTIDX,0,BANKNIFTY-Jun2024-53800-PE,15,BANKNIFTY 19 JUN 53800 PUT,19-06-2024 14:30,53800,PE,5,W,OP,,
NSE,D,35002,OPTIDX,0,BANKNIFTY-Jun2024-53900-CE,15,BANKNIFTY 19 JUN 53900 CALL,19-06-2024 14:30,53900,CE,5,W,OP,,
NSE,D,35003,OPTIDX,0,BANKNIFTY-Jun2024-53900-PE,15,BANKNIFTY 19 JUN 53900 PUT,19-06-2024 14:30,53900,PE,5,W,OP,,
NSE,D,35008,OPTIDX,0,BANKNIFTY-Jun2024-63000-CE,15,BANKNIFTY 19 JUN 63000 CALL,19-06-2024 14:30,63000,CE,5,W,OP,,
NSE,D,35009,OPTIDX,0,BANKNIFTY-Jun2024-63000-PE,15,BANKNIFTY 19 JUN 63000 PUT,19-06-2024 14:30,63000,PE,5,W,OP,,
NSE,D,35023,OPTIDX,0,BANKNIFTY-Jun2024-32500-CE,15,BANKNIFTY 19 JUN 32500 CALL,19-06-2024 14:30,32500,CE,5,W,OP,,
NSE,D,35024,OPTIDX,0,BANKNIFTY-Jun2024-32500-PE,15,BANKNIFTY 19 JUN 32500 PUT,19-06-2024 14:30,32500,PE,5,W,OP,,
NSE,D,35034,OPTIDX,0,BANKNIFTY-Jun2024-33000-CE,15,BANKNIFTY 19 JUN 33000 CALL,19-06-2024 14:30,33000,CE,5,W,OP,,
NSE,D,35035,OPTIDX,0,BANKNIFTY-Jun2024-33000-PE,15,BANKNIFTY 19 JUN 33000 PUT,19-06-2024 14:30,33000,PE,5,W,OP,,
NSE,D,35036,OPTIDX,0,BANKNIFTY-Jun2024-33500-CE,15,BANKNIFTY 19 JUN 33500 CALL,19-06-2024 14:30,33500,CE,5,W,OP,,
NSE,D,35037,OPTIDX,0,BANKNIFTY-Jun2024-33500-PE,15,BANKNIFTY 19 JUN 33500 PUT,19-06-2024 14:30,33500,PE,5,W,OP,,
NSE,D,35038,OPTIDX,0,BANKNIFTY-Jun2024-34000-CE,15,BANKNIFTY 19 JUN 34000 CALL,19-06-2024 14:30,34000,CE,5,W,OP,,
NSE,D,35039,OPTIDX,0,BANKNIFTY-Jun2024-34000-PE,15,BANKNIFTY 19 JUN 34000 PUT,19-06-2024 14:30,34000,PE,5,W,OP,,
NSE,D,35043,OPTIDX,0,BANKNIFTY-Jun2024-54100-CE,15,BANKNIFTY 19 JUN 54100 CALL,19-06-2024 14:30,54100,CE,5,W,OP,,
NSE,D,35044,OPTIDX,0,BANKNIFTY-Jun2024-54100-PE,15,BANKNIFTY 19 JUN 54100 PUT,19-06-2024 14:30,54100,PE,5,W,OP,,
NSE,D,35068,OPTIDX,0,BANKNIFTY-Jun2024-54200-CE,15,BANKNIFTY 19 JUN 54200 CALL,19-06-2024 14:30,54200,CE,5,W,OP,,
NSE,D,35070,OPTIDX,0,BANKNIFTY-Jun2024-54200-PE,15,BANKNIFTY 19 JUN 54200 PUT,19-06-2024 14:30,54200,PE,5,W,OP,,
NSE,D,35097,OPTIDX,0,BANKNIFTY-Jun2024-34500-CE,15,BANKNIFTY 19 JUN 34500 CALL,19-06-2024 14:30,34500,CE,5,W,OP,,
NSE,D,35118,OPTIDX,0,BANKNIFTY-Jun2024-34500-PE,15,BANKNIFTY 19 JUN 34500 PUT,19-06-2024 14:30,34500,PE,5,W,OP,,
NSE,D,35162,OPTIDX,0,BANKNIFTY-Jun2024-54900-CE,15,BANKNIFTY 19 JUN 54900 CALL,19-06-2024 14:30,54900,CE,5,W,OP,,
NSE,D,35163,OPTIDX,0,BANKNIFTY-Jun2024-54900-PE,15,BANKNIFTY 19 JUN 54900 PUT,19-06-2024 14:30,54900,PE,5,W,OP,,
NSE,D,35204,OPTIDX,0,BANKNIFTY-Jun2024-54300-CE,15,BANKNIFTY 19 JUN 54300 CALL,19-06-2024 14:30,54300,CE,5,W,OP,,
NSE,D,35315,OPTIDX,0,BANKNIFTY-Jun2024-54300-PE,15,BANKNIFTY 19 JUN 54300 PUT,19-06-2024 14:30,54300,PE,5,W,OP,,
NSE,D,35326,OPTIDX,0,BANKNIFTY-Jun2024-54400-CE,15,BANKNIFTY 19 JUN 54400 CALL,19-06-2024 14:30,54400,CE,5,W,OP,,
NSE,D,35327,OPTIDX,0,BANKNIFTY-Jun2024-54400-PE,15,BANKNIFTY 19 JUN 54400 PUT,19-06-2024 14:30,54400,PE,5,W,OP,,
NSE,D,35332,OPTIDX,0,BANKNIFTY-Jun2024-54600-CE,15,BANKNIFTY 19 JUN 54600 CALL,19-06-2024 14:30,54600,CE,5,W,OP,,
NSE,D,35333,OPTIDX,0,BANKNIFTY-Jun2024-54600-PE,15,BANKNIFTY 19 JUN 54600 PUT,19-06-2024 14:30,54600,PE,5,W,OP,,
NSE,D,35350,OPTIDX,0,BANKNIFTY-Jun2024-54700-CE,15,BANKNIFTY 19 JUN 54700 CALL,19-06-2024 14:30,54700,CE,5,W,OP,,
NSE,D,35351,OPTIDX,0,BANKNIFTY-Jun2024-54700-PE,15,BANKNIFTY 19 JUN 54700 PUT,19-06-2024 14:30,54700,PE,5,W,OP,,
NSE,D,35379,OPTIDX,0,BANKNIFTY-Jun2024-54800-CE,15,BANKNIFTY 19 JUN 54800 CALL,19-06-2024 14:30,54800,CE,5,W,OP,,
NSE,D,35380,OPTIDX,0,BANKNIFTY-Jun2024-54800-PE,15,BANKNIFTY 19 JUN 54800 PUT,19-06-2024 14:30,54800,PE,5,W,OP,,
NSE,D,35382,OPTIDX,0,BANKNIFTY-Jun2024-63500-CE,15,BANKNIFTY 19 JUN 63500 CALL,19-06-2024 14:30,63500,CE,5,W,OP,,
NSE,D,35383,OPTIDX,0,BANKNIFTY-Jun2024-63500-PE,15,BANKNIFTY 19 JUN 63500 PUT,19-06-2024 14:30,63500,PE,5,W,OP,,
NSE,D,35384,OPTIDX,0,BANKNIFTY-Jun2024-64000-CE,15,BANKNIFTY 19 JUN 64000 CALL,19-06-2024 14:30,64000,CE,5,W,OP,,
NSE,D,35386,OPTIDX,0,BANKNIFTY-Jun2024-64000-PE,15,BANKNIFTY 19 JUN 64000 PUT,19-06-2024 14:30,64000,PE,5,W,OP,,
NSE,D,35437,OPTIDX,0,BANKNIFTY-Jun2024-35000-CE,15,BANKNIFTY 19 JUN 35000 CALL,19-06-2024 14:30,35000,CE,5,W,OP,,
NSE,D,35438,OPTIDX,0,BANKNIFTY-Jun2024-35000-PE,15,BANKNIFTY 19 JUN 35000 PUT,19-06-2024 14:30,35000,PE,5,W,OP,,
NSE,D,35439,OPTIDX,0,BANKNIFTY-Jun2024-35500-CE,15,BANKNIFTY 19 JUN 35500 CALL,19-06-2024 14:30,35500,CE,5,W,OP,,
NSE,D,35442,OPTIDX,0,BANKNIFTY-Jun2024-35500-PE,15,BANKNIFTY 19 JUN 35500 PUT,19-06-2024 14:30,35500,PE,5,W,OP,,
NSE,D,35443,OPTIDX,0,BANKNIFTY-Jun2024-36000-CE,15,BANKNIFTY 19 JUN 36000 CALL,19-06-2024 14:30,36000,CE,5,W,OP,,
NSE,D,35444,OPTIDX,0,BANKNIFTY-Jun2024-36000-PE,15,BANKNIFTY 19 JUN 36000 PUT,19-06-2024 14:30,36000,PE,5,W,OP,,
NSE,D,35445,OPTIDX,0,BANKNIFTY-Jun2024-36500-CE,15,BANKNIFTY 19 JUN 36500 CALL,19-06-2024 14:30,36500,CE,5,W,OP,,
NSE,D,35452,OPTIDX,0,BANKNIFTY-Jun2024-36500-PE,15,BANKNIFTY 19 JUN 36500 PUT,19-06-2024 14:30,36500,PE,5,W,OP,,
NSE,D,36943,OPTIDX,0,BANKNIFTY-Jun2024-58100-CE,15,BANKNIFTY 19 JUN 58100 CALL,19-06-2024 14:30,58100,CE,5,W,OP,,
NSE,D,37236,OPTIDX,0,BANKNIFTY-Jun2024-26500-CE,15,BANKNIFTY 19 JUN 26500 CALL,19-06-2024 14:30,26500,CE,5,W,OP,,
NSE,D,37259,OPTIDX,0,BANKNIFTY-Jun2024-26500-PE,15,BANKNIFTY 19 JUN 26500 PUT,19-06-2024 14:30,26500,PE,5,W,OP,,
NSE,D,37260,OPTIDX,0,BANKNIFTY-Jun2024-27000-CE,15,BANKNIFTY 19 JUN 27000 CALL,19-06-2024 14:30,27000,CE,5,W,OP,,
NSE,D,37269,OPTIDX,0,BANKNIFTY-Jun2024-27000-PE,15,BANKNIFTY 19 JUN 27000 PUT,19-06-2024 14:30,27000,PE,5,W,OP,,
NSE,D,37283,OPTIDX,0,BANKNIFTY-Jun2024-27500-CE,15,BANKNIFTY 19 JUN 27500 CALL,19-06-2024 14:30,27500,CE,5,W,OP,,
NSE,D,37284,OPTIDX,0,BANKNIFTY-Jun2024-27500-PE,15,BANKNIFTY 19 JUN 27500 PUT,19-06-2024 14:30,27500,PE,5,W,OP,,
NSE,D,37285,OPTIDX,0,BANKNIFTY-Jun2024-28000-CE,15,BANKNIFTY 19 JUN 28000 CALL,19-06-2024 14:30,28000,CE,5,W,OP,,
NSE,D,37286,OPTIDX,0,BANKNIFTY-Jun2024-28000-PE,15,BANKNIFTY 19 JUN 28000 PUT,19-06-2024 14:30,28000,PE,5,W,OP,,
NSE,D,37287,OPTIDX,0,BANKNIFTY-Jun2024-28500-CE,15,BANKNIFTY 19 JUN 28500 CALL,19-06-2024 14:30,28500,CE,5,W,OP,,
NSE,D,37288,OPTIDX,0,BANKNIFTY-Jun2024-28500-PE,15,BANKNIFTY 19 JUN 28500 PUT,19-06-2024 14:30,28500,PE,5,W,OP,,
NSE,D,37290,OPTIDX,0,BANKNIFTY-Jun2024-29000-CE,15,BANKNIFTY 19 JUN 29000 CALL,19-06-2024 14:30,29000,CE,5,W,OP,,
NSE,D,37303,OPTIDX,0,BANKNIFTY-Jun2024-29000-PE,15,BANKNIFTY 19 JUN 29000 PUT,19-06-2024 14:30,29000,PE,5,W,OP,,
NSE,D,37305,OPTIDX,0,BANKNIFTY-Jun2024-29500-CE,15,BANKNIFTY 19 JUN 29500 CALL,19-06-2024 14:30,29500,CE,5,W,OP,,
NSE,D,37309,OPTIDX,0,BANKNIFTY-Jun2024-29500-PE,15,BANKNIFTY 19 JUN 29500 PUT,19-06-2024 14:30,29500,PE,5,W,OP,,
NSE,D,37310,OPTIDX,0,BANKNIFTY-Jun2024-30000-CE,15,BANKNIFTY 19 JUN 30000 CALL,19-06-2024 14:30,30000,CE,5,W,OP,,
NSE,D,37313,OPTIDX,0,BANKNIFTY-Jun2024-30000-PE,15,BANKNIFTY 19 JUN 30000 PUT,19-06-2024 14:30,30000,PE,5,W,OP,,
NSE,D,37317,OPTIDX,0,BANKNIFTY-Jun2024-30500-CE,15,BANKNIFTY 19 JUN 30500 CALL,19-06-2024 14:30,30500,CE,5,W,OP,,
NSE,D,37324,OPTIDX,0,BANKNIFTY-Jun2024-30500-PE,15,BANKNIFTY 19 JUN 30500 PUT,19-06-2024 14:30,30500,PE,5,W,OP,,
NSE,D,37329,OPTIDX,0,BANKNIFTY-Jun2024-31000-CE,15,BANKNIFTY 19 JUN 31000 CALL,19-06-2024 14:30,31000,CE,5,W,OP,,
NSE,D,37330,OPTIDX,0,BANKNIFTY-Jun2024-31000-PE,15,BANKNIFTY 19 JUN 31000 PUT,19-06-2024 14:30,31000,PE,5,W,OP,,
NSE,D,37335,OPTIDX,0,BANKNIFTY-Jun2024-31500-CE,15,BANKNIFTY 19 JUN 31500 CALL,19-06-2024 14:30,31500,CE,5,W,OP,,
NSE,D,37336,OPTIDX,0,BANKNIFTY-Jun2024-31500-PE,15,BANKNIFTY 19 JUN 31500 PUT,19-06-2024 14:30,31500,PE,5,W,OP,,
NSE,D,37337,OPTIDX,0,BANKNIFTY-Jun2024-32000-CE,15,BANKNIFTY 19 JUN 32000 CALL,19-06-2024 14:30,32000,CE,5,W,OP,,
NSE,D,37338,OPTIDX,0,BANKNIFTY-Jun2024-32000-PE,15,BANKNIFTY 19 JUN 32000 PUT,19-06-2024 14:30,32000,PE,5,W,OP,,
NSE,D,37344,OPTIDX,0,BANKNIFTY-Jun2024-40100-CE,15,BANKNIFTY 19 JUN 40100 CALL,19-06-2024 14:30,40100,CE,5,W,OP,,
NSE,D,37345,OPTIDX,0,BANKNIFTY-Jun2024-40100-PE,15,BANKNIFTY 19 JUN 40100 PUT,19-06-2024 14:30,40100,PE,5,W,OP,,
NSE,D,37346,OPTIDX,0,BANKNIFTY-Jun2024-40200-CE,15,BANKNIFTY 19 JUN 40200 CALL,19-06-2024 14:30,40200,CE,5,W,OP,,
NSE,D,37347,OPTIDX,0,BANKNIFTY-Jun2024-40200-PE,15,BANKNIFTY 19 JUN 40200 PUT,19-06-2024 14:30,40200,PE,5,W,OP,,
NSE,D,37348,OPTIDX,0,BANKNIFTY-Jun2024-58100-PE,15,BANKNIFTY 19 JUN 58100 PUT,19-06-2024 14:30,58100,PE,5,W,OP,,
NSE,D,37349,OPTIDX,0,BANKNIFTY-Jun2024-40300-CE,15,BANKNIFTY 19 JUN 40300 CALL,19-06-2024 14:30,40300,CE,5,W,OP,,
NSE,D,37350,OPTIDX,0,BANKNIFTY-Jun2024-40300-PE,15,BANKNIFTY 19 JUN 40300 PUT,19-06-2024 14:30,40300,PE,5,W,OP,,
NSE,D,37351,OPTIDX,0,BANKNIFTY-Jun2024-40400-CE,15,BANKNIFTY 19 JUN 40400 CALL,19-06-2024 14:30,40400,CE,5,W,OP,,
NSE,D,37355,OPTIDX,0,BANKNIFTY-Jun2024-58200-CE,15,BANKNIFTY 19 JUN 58200 CALL,19-06-2024 14:30,58200,CE,5,W,OP,,
NSE,D,37356,OPTIDX,0,BANKNIFTY-Jun2024-58200-PE,15,BANKNIFTY 19 JUN 58200 PUT,19-06-2024 14:30,58200,PE,5,W,OP,,
NSE,D,37361,OPTIDX,0,BANKNIFTY-Jun2024-58300-CE,15,BANKNIFTY 19 JUN 58300 CALL,19-06-2024 14:30,58300,CE,5,W,OP,,
NSE,D,37362,OPTIDX,0,BANKNIFTY-Jun2024-58300-PE,15,BANKNIFTY 19 JUN 58300 PUT,19-06-2024 14:30,58300,PE,5,W,OP,,
NSE,D,37363,OPTIDX,0,BANKNIFTY-Jun2024-58400-CE,15,BANKNIFTY 19 JUN 58400 CALL,19-06-2024 14:30,58400,CE,5,W,OP,,
NSE,D,37368,OPTIDX,0,BANKNIFTY-Jun2024-40400-PE,15,BANKNIFTY 19 JUN 40400 PUT,19-06-2024 14:30,40400,PE,5,W,OP,,
NSE,D,37369,OPTIDX,0,BANKNIFTY-Jun2024-40600-CE,15,BANKNIFTY 19 JUN 40600 CALL,19-06-2024 14:30,40600,CE,5,W,OP,,
NSE,D,37370,OPTIDX,0,BANKNIFTY-Jun2024-40600-PE,15,BANKNIFTY 19 JUN 40600 PUT,19-06-2024 14:30,40600,PE,5,W,OP,,
NSE,D,37373,OPTIDX,0,BANKNIFTY-Jun2024-40700-CE,15,BANKNIFTY 19 JUN 40700 CALL,19-06-2024 14:30,40700,CE,5,W,OP,,
NSE,D,37377,OPTIDX,0,BANKNIFTY-Jun2024-40700-PE,15,BANKNIFTY 19 JUN 40700 PUT,19-06-2024 14:30,40700,PE,5,W,OP,,
NSE,D,37380,OPTIDX,0,BANKNIFTY-Jun2024-58400-PE,15,BANKNIFTY 19 JUN 58400 PUT,19-06-2024 14:30,58400,PE,5,W,OP,,
NSE,D,37382,OPTIDX,0,BANKNIFTY-Jun2024-40800-CE,15,BANKNIFTY 19 JUN 40800 CALL,19-06-2024 14:30,40800,CE,5,W,OP,,
NSE,D,37383,OPTIDX,0,BANKNIFTY-Jun2024-40800-PE,15,BANKNIFTY 19 JUN 40800 PUT,19-06-2024 14:30,40800,PE,5,W,OP,,
NSE,D,37384,OPTIDX,0,BANKNIFTY-Jun2024-40900-CE,15,BANKNIFTY 19 JUN 40900 CALL,19-06-2024 14:30,40900,CE,5,W,OP,,
NSE,D,37385,OPTIDX,0,BANKNIFTY-Jun2024-40900-PE,15,BANKNIFTY 19 JUN 40900 PUT,19-06-2024 14:30,40900,PE,5,W,OP,,
NSE,D,37387,OPTIDX,0,BANKNIFTY-Jun2024-58600-CE,15,BANKNIFTY 19 JUN 58600 CALL,19-06-2024 14:30,58600,CE,5,W,OP,,
NSE,D,37389,OPTIDX,0,BANKNIFTY-Jun2024-41100-CE,15,BANKNIFTY 19 JUN 41100 CALL,19-06-2024 14:30,41100,CE,5,W,OP,,
NSE,D,37393,OPTIDX,0,BANKNIFTY-Jun2024-58600-PE,15,BANKNIFTY 19 JUN 58600 PUT,19-06-2024 14:30,58600,PE,5,W,OP,,
NSE,D,37395,OPTIDX,0,BANKNIFTY-Jun2024-58700-CE,15,BANKNIFTY 19 JUN 58700 CALL,19-06-2024 14:30,58700,CE,5,W,OP,,
NSE,D,37403,OPTIDX,0,BANKNIFTY-Jun2024-41100-PE,15,BANKNIFTY 19 JUN 41100 PUT,19-06-2024 14:30,41100,PE,5,W,OP,,
NSE,D,37405,OPTIDX,0,BANKNIFTY-Jun2024-41200-CE,15,BANKNIFTY 19 JUN 41200 CALL,19-06-2024 14:30,41200,CE,5,W,OP,,
NSE,D,37408,OPTIDX,0,BANKNIFTY-Jun2024-41200-PE,15,BANKNIFTY 19 JUN 41200 PUT,19-06-2024 14:30,41200,PE,5,W,OP,,
NSE,D,37411,OPTIDX,0,BANKNIFTY-Jun2024-58700-PE,15,BANKNIFTY 19 JUN 58700 PUT,19-06-2024 14:30,58700,PE,5,W,OP,,
NSE,D,37412,OPTIDX,0,BANKNIFTY-Jun2024-58800-CE,15,BANKNIFTY 19 JUN 58800 CALL,19-06-2024 14:30,58800,CE,5,W,OP,,
NSE,D,37413,OPTIDX,0,BANKNIFTY-Jun2024-41300-CE,15,BANKNIFTY 19 JUN 41300 CALL,19-06-2024 14:30,41300,CE,5,W,OP,,
NSE,D,37414,OPTIDX,0,BANKNIFTY-Jun2024-41300-PE,15,BANKNIFTY 19 JUN 41300 PUT,19-06-2024 14:30,41300,PE,5,W,OP,,
NSE,D,37415,OPTIDX,0,BANKNIFTY-Jun2024-41400-CE,15,BANKNIFTY 19 JUN 41400 CALL,19-06-2024 14:30,41400,CE,5,W,OP,,
NSE,D,37416,OPTIDX,0,BANKNIFTY-Jun2024-41400-PE,15,BANKNIFTY 19 JUN 41400 PUT,19-06-2024 14:30,41400,PE,5,W,OP,,
NSE,D,37417,OPTIDX,0,BANKNIFTY-Jun2024-41600-CE,15,BANKNIFTY 19 JUN 41600 CALL,19-06-2024 14:30,41600,CE,5,W,OP,,
NSE,D,37418,OPTIDX,0,BANKNIFTY-Jun2024-41600-PE,15,BANKNIFTY 19 JUN 41600 PUT,19-06-2024 14:30,41600,PE,5,W,OP,,
NSE,D,37419,OPTIDX,0,BANKNIFTY-Jun2024-55400-CE,15,BANKNIFTY 19 JUN 55400 CALL,19-06-2024 14:30,55400,CE,5,W,OP,,
NSE,D,37420,OPTIDX,0,BANKNIFTY-Jun2024-55400-PE,15,BANKNIFTY 19 JUN 55400 PUT,19-06-2024 14:30,55400,PE,5,W,OP,,
NSE,D,37421,OPTIDX,0,BANKNIFTY-Jun2024-55600-CE,15,BANKNIFTY 19 JUN 55600 CALL,19-06-2024 14:30,55600,CE,5,W,OP,,
NSE,D,37422,OPTIDX,0,BANKNIFTY-Jun2024-55600-PE,15,BANKNIFTY 19 JUN 55600 PUT,19-06-2024 14:30,55600,PE,5,W,OP,,
NSE,D,37423,OPTIDX,0,BANKNIFTY-Jun2024-55700-CE,15,BANKNIFTY 19 JUN 55700 CALL,19-06-2024 14:30,55700,CE,5,W,OP,,
NSE,D,37424,OPTIDX,0,BANKNIFTY-Jun2024-58800-PE,15,BANKNIFTY 19 JUN 58800 PUT,19-06-2024 14:30,58800,PE,5,W,OP,,
NSE,D,37426,OPTIDX,0,BANKNIFTY-Jun2024-55700-PE,15,BANKNIFTY 19 JUN 55700 PUT,19-06-2024 14:30,55700,PE,5,W,OP,,
NSE,D,37427,OPTIDX,0,BANKNIFTY-Jun2024-55800-CE,15,BANKNIFTY 19 JUN 55800 CALL,19-06-2024 14:30,55800,CE,5,W,OP,,
NSE,D,37433,OPTIDX,0,BANKNIFTY-Jun2024-58900-CE,15,BANKNIFTY 19 JUN 58900 CALL,19-06-2024 14:30,58900,CE,5,W,OP,,
NSE,D,37434,OPTIDX,0,BANKNIFTY-Jun2024-58900-PE,15,BANKNIFTY 19 JUN 58900 PUT,19-06-2024 14:30,58900,PE,5,W,OP,,
NSE,D,37446,OPTIDX,0,BANKNIFTY-Jun2024-59100-CE,15,BANKNIFTY 19 JUN 59100 CALL,19-06-2024 14:30,59100,CE,5,W,OP,,
NSE,D,37447,OPTIDX,0,BANKNIFTY-Jun2024-59100-PE,15,BANKNIFTY 19 JUN 59100 PUT,19-06-2024 14:30,59100,PE,5,W,OP,,
NSE,D,37450,OPTIDX,0,BANKNIFTY-Jun2024-59200-CE,15,BANKNIFTY 19 JUN 59200 CALL,19-06-2024 14:30,59200,CE,5,W,OP,,
NSE,D,37451,OPTIDX,0,BANKNIFTY-Jun2024-59200-PE,15,BANKNIFTY 19 JUN 59200 PUT,19-06-2024 14:30,59200,PE,5,W,OP,,
NSE,D,37452,OPTIDX,0,BANKNIFTY-Jun2024-55800-PE,15,BANKNIFTY 19 JUN 55800 PUT,19-06-2024 14:30,55800,PE,5,W,OP,,
NSE,D,37457,OPTIDX,0,BANKNIFTY-Jun2024-55900-CE,15,BANKNIFTY 19 JUN 55900 CALL,19-06-2024 14:30,55900,CE,5,W,OP,,
NSE,D,37458,OPTIDX,0,BANKNIFTY-Jun2024-55900-PE,15,BANKNIFTY 19 JUN 55900 PUT,19-06-2024 14:30,55900,PE,5,W,OP,,
NSE,D,37461,OPTIDX,0,BANKNIFTY-Jun2024-56100-CE,15,BANKNIFTY 19 JUN 56100 CALL,19-06-2024 14:30,56100,CE,5,W,OP,,
NSE,D,37463,OPTIDX,0,BANKNIFTY-Jun2024-56100-PE,15,BANKNIFTY 19 JUN 56100 PUT,19-06-2024 14:30,56100,PE,5,W,OP,,
NSE,D,37464,OPTIDX,0,BANKNIFTY-Jun2024-56200-CE,15,BANKNIFTY 19 JUN 56200 CALL,19-06-2024 14:30,56200,CE,5,W,OP,,
NSE,D,37466,OPTIDX,0,BANKNIFTY-Jun2024-56200-PE,15,BANKNIFTY 19 JUN 56200 PUT,19-06-2024 14:30,56200,PE,5,W,OP,,
NSE,D,37467,OPTIDX,0,BANKNIFTY-Jun2024-56300-CE,15,BANKNIFTY 19 JUN 56300 CALL,19-06-2024 14:30,56300,CE,5,W,OP,,
NSE,D,37468,OPTIDX,0,BANKNIFTY-Jun2024-56300-PE,15,BANKNIFTY 19 JUN 56300 PUT,19-06-2024 14:30,56300,PE,5,W,OP,,
NSE,D,37469,OPTIDX,0,BANKNIFTY-Jun2024-56400-CE,15,BANKNIFTY 19 JUN 56400 CALL,19-06-2024 14:30,56400,CE,5,W,OP,,
NSE,D,37470,OPTIDX,0,BANKNIFTY-Jun2024-59300-CE,15,BANKNIFTY 19 JUN 59300 CALL,19-06-2024 14:30,59300,CE,5,W,OP,,
NSE,D,37471,OPTIDX,0,BANKNIFTY-Jun2024-59300-PE,15,BANKNIFTY 19 JUN 59300 PUT,19-06-2024 14:30,59300,PE,5,W,OP,,
NSE,D,37474,OPTIDX,0,BANKNIFTY-Jun2024-59400-CE,15,BANKNIFTY 19 JUN 59400 CALL,19-06-2024 14:30,59400,CE,5,W,OP,,
NSE,D,37477,OPTIDX,0,BANKNIFTY-Jun2024-59400-PE,15,BANKNIFTY 19 JUN 59400 PUT,19-06-2024 14:30,59400,PE,5,W,OP,,
NSE,D,37479,OPTIDX,0,BANKNIFTY-Jun2024-59600-CE,15,BANKNIFTY 19 JUN 59600 CALL,19-06-2024 14:30,59600,CE,5,W,OP,,
NSE,D,37480,OPTIDX,0,BANKNIFTY-Jun2024-59600-PE,15,BANKNIFTY 19 JUN 59600 PUT,19-06-2024 14:30,59600,PE,5,W,OP,,
NSE,D,37481,OPTIDX,0,BANKNIFTY-Jun2024-59700-CE,15,BANKNIFTY 19 JUN 59700 CALL,19-06-2024 14:30,59700,CE,5,W,OP,,
NSE,D,37482,OPTIDX,0,BANKNIFTY-Jun2024-59700-PE,15,BANKNIFTY 19 JUN 59700 PUT,19-06-2024 14:30,59700,PE,5,W,OP,,
NSE,D,37483,OPTIDX,0,BANKNIFTY-Jun2024-59800-CE,15,BANKNIFTY 19 JUN 59800 CALL,19-06-2024 14:30,59800,CE,5,W,OP,,
NSE,D,37493,OPTIDX,0,BANKNIFTY-Jun2024-56400-PE,15,BANKNIFTY 19 JUN 56400 PUT,19-06-2024 14:30,56400,PE,5,W,OP,,
NSE,D,37494,OPTIDX,0,BANKNIFTY-Jun2024-56600-CE,15,BANKNIFTY 19 JUN 56600 CALL,19-06-2024 14:30,56600,CE,5,W,OP,,
NSE,D,37495,OPTIDX,0,BANKNIFTY-Jun2024-56600-PE,15,BANKNIFTY 19 JUN 56600 PUT,19-06-2024 14:30,56600,PE,5,W,OP,,
NSE,D,37496,OPTIDX,0,BANKNIFTY-Jun2024-56700-CE,15,BANKNIFTY 19 JUN 56700 CALL,19-06-2024 14:30,56700,CE,5,W,OP,,
NSE,D,37497,OPTIDX,0,BANKNIFTY-Jun2024-56700-PE,15,BANKNIFTY 19 JUN 56700 PUT,19-06-2024 14:30,56700,PE,5,W,OP,,
NSE,D,37498,OPTIDX,0,BANKNIFTY-Jun2024-56800-CE,15,BANKNIFTY 19 JUN 56800 CALL,19-06-2024 14:30,56800,CE,5,W,OP,,
NSE,D,37499,OPTIDX,0,BANKNIFTY-Jun2024-56800-PE,15,BANKNIFTY 19 JUN 56800 PUT,19-06-2024 14:30,56800,PE,5,W,OP,,
NSE,D,37500,OPTIDX,0,BANKNIFTY-Jun2024-56900-CE,15,BANKNIFTY 19 JUN 56900 CALL,19-06-2024 14:30,56900,CE,5,W,OP,,
NSE,D,37505,OPTIDX,0,BANKNIFTY-Jun2024-59800-PE,15,BANKNIFTY 19 JUN 59800 PUT,19-06-2024 14:30,59800,PE,5,W,OP,,
NSE,D,37509,OPTIDX,0,BANKNIFTY-Jun2024-56900-PE,15,BANKNIFTY 19 JUN 56900 PUT,19-06-2024 14:30,56900,PE,5,W,OP,,
NSE,D,37510,OPTIDX,0,BANKNIFTY-Jun2024-57100-CE,15,BANKNIFTY 19 JUN 57100 CALL,19-06-2024 14:30,57100,CE,5,W,OP,,
NSE,D,37511,OPTIDX,0,BANKNIFTY-Jun2024-59900-CE,15,BANKNIFTY 19 JUN 59900 CALL,19-06-2024 14:30,59900,CE,5,W,OP,,
NSE,D,37520,OPTIDX,0,BANKNIFTY-Jun2024-59900-PE,15,BANKNIFTY 19 JUN 59900 PUT,19-06-2024 14:30,59900,PE,5,W,OP,,
NSE,D,37521,OPTIDX,0,BANKNIFTY-Jun2024-72000-CE,15,BANKNIFTY 19 JUN 72000 CALL,19-06-2024 14:30,72000,CE,5,W,OP,,
NSE,D,37522,OPTIDX,0,BANKNIFTY-Jun2024-57100-PE,15,BANKNIFTY 19 JUN 57100 PUT,19-06-2024 14:30,57100,PE,5,W,OP,,
NSE,D,37524,OPTIDX,0,BANKNIFTY-Jun2024-57200-CE,15,BANKNIFTY 19 JUN 57200 CALL,19-06-2024 14:30,57200,CE,5,W,OP,,
NSE,D,37525,OPTIDX,0,BANKNIFTY-Jun2024-57200-PE,15,BANKNIFTY 19 JUN 57200 PUT,19-06-2024 14:30,57200,PE,5,W,OP,,
NSE,D,37526,OPTIDX,0,BANKNIFTY-Jun2024-57300-CE,15,BANKNIFTY 19 JUN 57300 CALL,19-06-2024 14:30,57300,CE,5,W,OP,,
NSE,D,37528,OPTIDX,0,BANKNIFTY-Jun2024-57300-PE,15,BANKNIFTY 19 JUN 57300 PUT,19-06-2024 14:30,57300,PE,5,W,OP,,
NSE,D,37531,OPTIDX,0,BANKNIFTY-Jun2024-57400-CE,15,BANKNIFTY 19 JUN 57400 CALL,19-06-2024 14:30,57400,CE,5,W,OP,,
NSE,D,37532,OPTIDX,0,BANKNIFTY-Jun2024-57400-PE,15,BANKNIFTY 19 JUN 57400 PUT,19-06-2024 14:30,57400,PE,5,W,OP,,
NSE,D,37534,OPTIDX,0,BANKNIFTY-Jun2024-57600-CE,15,BANKNIFTY 19 JUN 57600 CALL,19-06-2024 14:30,57600,CE,5,W,OP,,
NSE,D,37535,OPTIDX,0,BANKNIFTY-Jun2024-57600-PE,15,BANKNIFTY 19 JUN 57600 PUT,19-06-2024 14:30,57600,PE,5,W,OP,,
NSE,D,37536,OPTIDX,0,BANKNIFTY-Jun2024-57700-CE,15,BANKNIFTY 19 JUN 57700 CALL,19-06-2024 14:30,57700,CE,5,W,OP,,
NSE,D,37537,OPTIDX,0,BANKNIFTY-Jun2024-57700-PE,15,BANKNIFTY 19 JUN 57700 PUT,19-06-2024 14:30,57700,PE,5,W,OP,,
NSE,D,37538,OPTIDX,0,BANKNIFTY-Jun2024-57800-CE,15,BANKNIFTY 19 JUN 57800 CALL,19-06-2024 14:30,57800,CE,5,W,OP,,
NSE,D,37539,OPTIDX,0,BANKNIFTY-Jun2024-57800-PE,15,BANKNIFTY 19 JUN 57800 PUT,19-06-2024 14:30,57800,PE,5,W,OP,,
NSE,D,37540,OPTIDX,0,BANKNIFTY-Jun2024-57900-CE,15,BANKNIFTY 19 JUN 57900 CALL,19-06-2024 14:30,57900,CE,5,W,OP,,
NSE,D,37541,OPTIDX,0,BANKNIFTY-Jun2024-57900-PE,15,BANKNIFTY 19 JUN 57900 PUT,19-06-2024 14:30,57900,PE,5,W,OP,,
NSE,D,37542,OPTIDX,0,BANKNIFTY-Jun2024-65000-CE,15,BANKNIFTY 19 JUN 65000 CALL,19-06-2024 14:30,65000,CE,5,W,OP,,
NSE,D,37543,OPTIDX,0,BANKNIFTY-Jun2024-65000-PE,15,BANKNIFTY 19 JUN 65000 PUT,19-06-2024 14:30,65000,PE,5,W,OP,,
NSE,D,37548,OPTIDX,0,BANKNIFTY-Jun2024-65500-CE,15,BANKNIFTY 19 JUN 65500 CALL,19-06-2024 14:30,65500,CE,5,W,OP,,
NSE,D,37549,OPTIDX,0,BANKNIFTY-Jun2024-65500-PE,15,BANKNIFTY 19 JUN 65500 PUT,19-06-2024 14:30,65500,PE,5,W,OP,,
NSE,D,37550,OPTIDX,0,BANKNIFTY-Jun2024-66000-CE,15,BANKNIFTY 19 JUN 66000 CALL,19-06-2024 14:30,66000,CE,5,W,OP,,
NSE,D,37551,OPTIDX,0,BANKNIFTY-Jun2024-66000-PE,15,BANKNIFTY 19 JUN 66000 PUT,19-06-2024 14:30,66000,PE,5,W,OP,,
NSE,D,37552,OPTIDX,0,BANKNIFTY-Jun2024-66500-CE,15,BANKNIFTY 19 JUN 66500 CALL,19-06-2024 14:30,66500,CE,5,W,OP,,
NSE,D,37553,OPTIDX,0,BANKNIFTY-Jun2024-66500-PE,15,BANKNIFTY 19 JUN 66500 PUT,19-06-2024 14:30,66500,PE,5,W,OP,,
NSE,D,37556,OPTIDX,0,BANKNIFTY-Jun2024-67000-CE,15,BANKNIFTY 19 JUN 67000 CALL,19-06-2024 14:30,67000,CE,5,W,OP,,
NSE,D,37557,OPTIDX,0,BANKNIFTY-Jun2024-67000-PE,15,BANKNIFTY 19 JUN 67000 PUT,19-06-2024 14:30,67000,PE,5,W,OP,,
NSE,D,37560,OPTIDX,0,BANKNIFTY-Jun2024-67500-CE,15,BANKNIFTY 19 JUN 67500 CALL,19-06-2024 14:30,67500,CE,5,W,OP,,
NSE,D,37570,OPTIDX,0,BANKNIFTY-Jun2024-67500-PE,15,BANKNIFTY 19 JUN 67500 PUT,19-06-2024 14:30,67500,PE,5,W,OP,,
NSE,D,37576,OPTIDX,0,BANKNIFTY-Jun2024-68000-CE,15,BANKNIFTY 19 JUN 68000 CALL,19-06-2024 14:30,68000,CE,5,W,OP,,
NSE,D,37577,OPTIDX,0,BANKNIFTY-Jun2024-68000-PE,15,BANKNIFTY 19 JUN 68000 PUT,19-06-2024 14:30,68000,PE,5,W,OP,,
NSE,D,37578,OPTIDX,0,BANKNIFTY-Jun2024-68500-CE,15,BANKNIFTY 19 JUN 68500 CALL,19-06-2024 14:30,68500,CE,5,W,OP,,
NSE,D,37589,OPTIDX,0,BANKNIFTY-Jun2024-72000-PE,15,BANKNIFTY 19 JUN 72000 PUT,19-06-2024 14:30,72000,PE,5,W,OP,,
NSE,D,37592,OPTIDX,0,BANKNIFTY-Jun2024-72500-CE,15,BANKNIFTY 19 JUN 72500 CALL,19-06-2024 14:30,72500,CE,5,W,OP,,
NSE,D,37594,OPTIDX,0,BANKNIFTY-Jun2024-37000-CE,15,BANKNIFTY 19 JUN 37000 CALL,19-06-2024 14:30,37000,CE,5,W,OP,,
NSE,D,37596,OPTIDX,0,BANKNIFTY-Jun2024-37000-PE,15,BANKNIFTY 19 JUN 37000 PUT,19-06-2024 14:30,37000,PE,5,W,OP,,
NSE,D,37599,OPTIDX,0,BANKNIFTY-Jun2024-68500-PE,15,BANKNIFTY 19 JUN 68500 PUT,19-06-2024 14:30,68500,PE,5,W,OP,,
NSE,D,37600,OPTIDX,0,BANKNIFTY-Jun2024-72500-PE,15,BANKNIFTY 19 JUN 72500 PUT,19-06-2024 14:30,72500,PE,5,W,OP,,
NSE,D,37601,OPTIDX,0,BANKNIFTY-Jun2024-73000-CE,15,BANKNIFTY 19 JUN 73000 CALL,19-06-2024 14:30,73000,CE,5,W,OP,,
NSE,D,37602,OPTIDX,0,BANKNIFTY-Jun2024-69000-CE,15,BANKNIFTY 19 JUN 69000 CALL,19-06-2024 14:30,69000,CE,5,W,OP,,
NSE,D,37603,OPTIDX,0,BANKNIFTY-Jun2024-69000-PE,15,BANKNIFTY 19 JUN 69000 PUT,19-06-2024 14:30,69000,PE,5,W,OP,,
NSE,D,37604,OPTIDX,0,BANKNIFTY-Jun2024-69500-CE,15,BANKNIFTY 19 JUN 69500 CALL,19-06-2024 14:30,69500,CE,5,W,OP,,
NSE,D,37605,OPTIDX,0,BANKNIFTY-Jun2024-69500-PE,15,BANKNIFTY 19 JUN 69500 PUT,19-06-2024 14:30,69500,PE,5,W,OP,,
NSE,D,37606,OPTIDX,0,BANKNIFTY-Jun2024-70000-CE,15,BANKNIFTY 19 JUN 70000 CALL,19-06-2024 14:30,70000,CE,5,W,OP,,
NSE,D,37607,OPTIDX,0,BANKNIFTY-Jun2024-70000-PE,15,BANKNIFTY 19 JUN 70000 PUT,19-06-2024 14:30,70000,PE,5,W,OP,,
NSE,D,37608,OPTIDX,0,BANKNIFTY-Jun2024-70500-CE,15,BANKNIFTY 19 JUN 70500 CALL,19-06-2024 14:30,70500,CE,5,W,OP,,
NSE,D,37609,OPTIDX,0,BANKNIFTY-Jun2024-70500-PE,15,BANKNIFTY 19 JUN 70500 PUT,19-06-2024 14:30,70500,PE,5,W,OP,,
NSE,D,37611,OPTIDX,0,BANKNIFTY-Jun2024-71000-CE,15,BANKNIFTY 19 JUN 71000 CALL,19-06-2024 14:30,71000,CE,5,W,OP,,
NSE,D,37616,OPTIDX,0,BANKNIFTY-Jun2024-71000-PE,15,BANKNIFTY 19 JUN 71000 PUT,19-06-2024 14:30,71000,PE,5,W,OP,,
NSE,D,37617,OPTIDX,0,BANKNIFTY-Jun2024-71500-CE,15,BANKNIFTY 19 JUN 71500 CALL,19-06-2024 14:30,71500,CE,5,W,OP,,
NSE,D,37618,OPTIDX,0,BANKNIFTY-Jun2024-71500-PE,15,BANKNIFTY 19 JUN 71500 PUT,19-06-2024 14:30,71500,PE,5,W,OP,,
NSE,D,37629,OPTIDX,0,BANKNIFTY-Jun2024-37500-CE,15,BANKNIFTY 19 JUN 37500 CALL,19-06-2024 14:30,37500,CE,5,W,OP,,
NSE,D,37632,OPTIDX,0,BANKNIFTY-Jun2024-37500-PE,15,BANKNIFTY 19 JUN 37500 PUT,19-06-2024 14:30,37500,PE,5,W,OP,,
NSE,D,37634,OPTIDX,0,BANKNIFTY-Jun2024-73000-PE,15,BANKNIFTY 19 JUN 73000 PUT,19-06-2024 14:30,73000,PE,5,W,OP,,
NSE,D,37638,OPTIDX,0,BANKNIFTY-Jun2024-73500-CE,15,BANKNIFTY 19 JUN 73500 CALL,19-06-2024 14:30,73500,CE,5,W,OP,,
NSE,D,37641,OPTIDX,0,BANKNIFTY-Jun2024-73500-PE,15,BANKNIFTY 19 JUN 73500 PUT,19-06-2024 14:30,73500,PE,5,W,OP,,
NSE,D,39671,OPTIDX,0,BANKNIFTY-Jun2024-38000-CE,15,BANKNIFTY 19 JUN 38000 CALL,19-06-2024 14:30,38000,CE,5,W,OP,,
NSE,D,39674,OPTIDX,0,BANKNIFTY-Jun2024-38000-PE,15,BANKNIFTY 19 JUN 38000 PUT,19-06-2024 14:30,38000,PE,5,W,OP,,
NSE,D,40767,OPTIDX,0,BANKNIFTY-Jun2024-38500-CE,15,BANKNIFTY 19 JUN 38500 CALL,19-06-2024 14:30,38500,CE,5,W,OP,,
NSE,D,40770,OPTIDX,0,BANKNIFTY-Jun2024-38500-PE,15,BANKNIFTY 19 JUN 38500 PUT,19-06-2024 14:30,38500,PE,5,W,OP,,
NSE,D,40771,OPTIDX,0,BANKNIFTY-Jun2024-39000-CE,15,BANKNIFTY 19 JUN 39000 CALL,19-06-2024 14:30,39000,CE,5,W,OP,,
NSE,D,40772,OPTIDX,0,BANKNIFTY-Jun2024-39000-PE,15,BANKNIFTY 19 JUN 39000 PUT,19-06-2024 14:30,39000,PE,5,W,OP,,
NSE,D,40773,OPTIDX,0,BANKNIFTY-Jun2024-39500-CE,15,BANKNIFTY 19 JUN 39500 CALL,19-06-2024 14:30,39500,CE,5,W,OP,,
NSE,D,40774,OPTIDX,0,BANKNIFTY-Jun2024-39500-PE,15,BANKNIFTY 19 JUN 39500 PUT,19-06-2024 14:30,39500,PE,5,W,OP,,
NSE,D,40775,OPTIDX,0,BANKNIFTY-Jun2024-40000-CE,15,BANKNIFTY 19 JUN 40000 CALL,19-06-2024 14:30,40000,CE,5,W,OP,,
NSE,D,40776,OPTIDX,0,BANKNIFTY-Jun2024-40000-PE,15,BANKNIFTY 19 JUN 40000 PUT,19-06-2024 14:30,40000,PE,5,W,OP,,
NSE,D,40777,OPTIDX,0,BANKNIFTY-Jun2024-40500-CE,15,BANKNIFTY 19 JUN 40500 CALL,19-06-2024 14:30,40500,CE,5,W,OP,,
NSE,D,40778,OPTIDX,0,BANKNIFTY-Jun2024-40500-PE,15,BANKNIFTY 19 JUN 40500 PUT,19-06-2024 14:30,40500,PE,5,W,OP,,
NSE,D,40779,OPTIDX,0,BANKNIFTY-Jun2024-41000-CE,15,BANKNIFTY 19 JUN 41000 CALL,19-06-2024 14:30,41000,CE,5,W,OP,,
NSE,D,40780,OPTIDX,0,BANKNIFTY-Jun2024-41000-PE,15,BANKNIFTY 19 JUN 41000 PUT,19-06-2024 14:30,41000,PE,5,W,OP,,
NSE,D,40781,OPTIDX,0,BANKNIFTY-Jun2024-41500-CE,15,BANKNIFTY 19 JUN 41500 CALL,19-06-2024 14:30,41500,CE,5,W,OP,,
NSE,D,40782,OPTIDX,0,BANKNIFTY-Jun2024-41500-PE,15,BANKNIFTY 19 JUN 41500 PUT,19-06-2024 14:30,41500,PE,5,W,OP,,
NSE,D,40783,OPTIDX,0,BANKNIFTY-Jun2024-41700-CE,15,BANKNIFTY 19 JUN 41700 CALL,19-06-2024 14:30,41700,CE,5,W,OP,,
NSE,D,40784,OPTIDX,0,BANKNIFTY-Jun2024-41700-PE,15,BANKNIFTY 19 JUN 41700 PUT,19-06-2024 14:30,41700,PE,5,W,OP,,
NSE,D,40785,OPTIDX,0,BANKNIFTY-Jun2024-41800-CE,15,BANKNIFTY 19 JUN 41800 CALL,19-06-2024 14:30,41800,CE,5,W,OP,,
NSE,D,40786,OPTIDX,0,BANKNIFTY-Jun2024-41800-PE,15,BANKNIFTY 19 JUN 41800 PUT,19-06-2024 14:30,41800,PE,5,W,OP,,
NSE,D,40787,OPTIDX,0,BANKNIFTY-Jun2024-41900-CE,15,BANKNIFTY 19 JUN 41900 CALL,19-06-2024 14:30,41900,CE,5,W,OP,,
NSE,D,40789,OPTIDX,0,BANKNIFTY-Jun2024-41900-PE,15,BANKNIFTY 19 JUN 41900 PUT,19-06-2024 14:30,41900,PE,5,W,OP,,
NSE,D,40791,OPTIDX,0,BANKNIFTY-Jun2024-42000-CE,15,BANKNIFTY 19 JUN 42000 CALL,19-06-2024 14:30,42000,CE,5,W,OP,,
NSE,D,40794,OPTIDX,0,BANKNIFTY-Jun2024-42000-PE,15,BANKNIFTY 19 JUN 42000 PUT,19-06-2024 14:30,42000,PE,5,W,OP,,
NSE,D,40795,OPTIDX,0,BANKNIFTY-Jun2024-42100-CE,15,BANKNIFTY 19 JUN 42100 CALL,19-06-2024 14:30,42100,CE,5,W,OP,,
NSE,D,40796,OPTIDX,0,BANKNIFTY-Jun2024-42100-PE,15,BANKNIFTY 19 JUN 42100 PUT,19-06-2024 14:30,42100,PE,5,W,OP,,
NSE,D,40797,OPTIDX,0,BANKNIFTY-Jun2024-42200-CE,15,BANKNIFTY 19 JUN 42200 CALL,19-06-2024 14:30,42200,CE,5,W,OP,,
NSE,D,40798,OPTIDX,0,BANKNIFTY-Jun2024-42200-PE,15,BANKNIFTY 19 JUN 42200 PUT,19-06-2024 14:30,42200,PE,5,W,OP,,
NSE,D,40799,OPTIDX,0,BANKNIFTY-Jun2024-42300-CE,15,BANKNIFTY 19 JUN 42300 CALL,19-06-2024 14:30,42300,CE,5,W,OP,,
NSE,D,40801,OPTIDX,0,BANKNIFTY-Jun2024-42300-PE,15,BANKNIFTY 19 JUN 42300 PUT,19-06-2024 14:30,42300,PE,5,W,OP,,
NSE,D,40802,OPTIDX,0,BANKNIFTY-Jun2024-42400-CE,15,BANKNIFTY 19 JUN 42400 CALL,19-06-2024 14:30,42400,CE,5,W,OP,,
NSE,D,40803,OPTIDX,0,BANKNIFTY-Jun2024-42400-PE,15,BANKNIFTY 19 JUN 42400 PUT,19-06-2024 14:30,42400,PE,5,W,OP,,
NSE,D,40804,OPTIDX,0,BANKNIFTY-Jun2024-42500-CE,15,BANKNIFTY 19 JUN 42500 CALL,19-06-2024 14:30,42500,CE,5,W,OP,,
NSE,D,40805,OPTIDX,0,BANKNIFTY-Jun2024-42500-PE,15,BANKNIFTY 19 JUN 42500 PUT,19-06-2024 14:30,42500,PE,5,W,OP,,
NSE,D,40806,OPTIDX,0,BANKNIFTY-Jun2024-42600-CE,15,BANKNIFTY 19 JUN 42600 CALL,19-06-2024 14:30,42600,CE,5,W,OP,,
NSE,D,40807,OPTIDX,0,BANKNIFTY-Jun2024-42600-PE,15,BANKNIFTY 19 JUN 42600 PUT,19-06-2024 14:30,42600,PE,5,W,OP,,
NSE,D,40808,OPTIDX,0,BANKNIFTY-Jun2024-42700-CE,15,BANKNIFTY 19 JUN 42700 CALL,19-06-2024 14:30,42700,CE,5,W,OP,,
NSE,D,40809,OPTIDX,0,BANKNIFTY-Jun2024-42700-PE,15,BANKNIFTY 19 JUN 42700 PUT,19-06-2024 14:30,42700,PE,5,W,OP,,
NSE,D,40810,OPTIDX,0,BANKNIFTY-Jun2024-42800-CE,15,BANKNIFTY 19 JUN 42800 CALL,19-06-2024 14:30,42800,CE,5,W,OP,,
NSE,D,40813,OPTIDX,0,BANKNIFTY-Jun2024-42800-PE,15,BANKNIFTY 19 JUN 42800 PUT,19-06-2024 14:30,42800,PE,5,W,OP,,
NSE,D,40814,OPTIDX,0,BANKNIFTY-Jun2024-42900-CE,15,BANKNIFTY 19 JUN 42900 CALL,19-06-2024 14:30,42900,CE,5,W,OP,,
NSE,D,40820,OPTIDX,0,BANKNIFTY-Jun2024-42900-PE,15,BANKNIFTY 19 JUN 42900 PUT,19-06-2024 14:30,42900,PE,5,W,OP,,
NSE,D,40823,OPTIDX,0,BANKNIFTY-Jun2024-43000-CE,15,BANKNIFTY 19 JUN 43000 CALL,19-06-2024 14:30,43000,CE,5,W,OP,,
NSE,D,40824,OPTIDX,0,BANKNIFTY-Jun2024-43000-PE,15,BANKNIFTY 19 JUN 43000 PUT,19-06-2024 14:30,43000,PE,5,W,OP,,
NSE,D,40825,OPTIDX,0,BANKNIFTY-Jun2024-43100-CE,15,BANKNIFTY 19 JUN 43100 CALL,19-06-2024 14:30,43100,CE,5,W,OP,,
NSE,D,40828,OPTIDX,0,BANKNIFTY-Jun2024-43100-PE,15,BANKNIFTY 19 JUN 43100 PUT,19-06-2024 14:30,43100,PE,5,W,OP,,
NSE,D,40829,OPTIDX,0,BANKNIFTY-Jun2024-43200-CE,15,BANKNIFTY 19 JUN 43200 CALL,19-06-2024 14:30,43200,CE,5,W,OP,,
NSE,D,40830,OPTIDX,0,BANKNIFTY-Jun2024-43200-PE,15,BANKNIFTY 19 JUN 43200 PUT,19-06-2024 14:30,43200,PE,5,W,OP,,
NSE,D,40831,OPTIDX,0,BANKNIFTY-Jun2024-43300-CE,15,BANKNIFTY 19 JUN 43300 CALL,19-06-2024 14:30,43300,CE,5,W,OP,,
NSE,D,40834,OPTIDX,0,BANKNIFTY-Jun2024-43300-PE,15,BANKNIFTY 19 JUN 43300 PUT,19-06-2024 14:30,43300,PE,5,W,OP,,
NSE,D,40839,OPTIDX,0,BANKNIFTY-Jun2024-43400-CE,15,BANKNIFTY 19 JUN 43400 CALL,19-06-2024 14:30,43400,CE,5,W,OP,,
NSE,D,40842,OPTIDX,0,BANKNIFTY-Jun2024-43400-PE,15,BANKNIFTY 19 JUN 43400 PUT,19-06-2024 14:30,43400,PE,5,W,OP,,
NSE,D,40852,OPTIDX,0,BANKNIFTY-Jun2024-43500-CE,15,BANKNIFTY 19 JUN 43500 CALL,19-06-2024 14:30,43500,CE,5,W,OP,,
NSE,D,40856,OPTIDX,0,BANKNIFTY-Jun2024-43500-PE,15,BANKNIFTY 19 JUN 43500 PUT,19-06-2024 14:30,43500,PE,5,W,OP,,
NSE,D,40857,OPTIDX,0,BANKNIFTY-Jun2024-43600-CE,15,BANKNIFTY 19 JUN 43600 CALL,19-06-2024 14:30,43600,CE,5,W,OP,,
NSE,D,40858,OPTIDX,0,BANKNIFTY-Jun2024-43600-PE,15,BANKNIFTY 19 JUN 43600 PUT,19-06-2024 14:30,43600,PE,5,W,OP,,
NSE,D,40859,OPTIDX,0,BANKNIFTY-Jun2024-43700-CE,15,BANKNIFTY 19 JUN 43700 CALL,19-06-2024 14:30,43700,CE,5,W,OP,,
NSE,D,40865,OPTIDX,0,BANKNIFTY-Jun2024-43700-PE,15,BANKNIFTY 19 JUN 43700 PUT,19-06-2024 14:30,43700,PE,5,W,OP,,
NSE,D,40866,OPTIDX,0,BANKNIFTY-Jun2024-43800-CE,15,BANKNIFTY 19 JUN 43800 CALL,19-06-2024 14:30,43800,CE,5,W,OP,,
NSE,D,40867,OPTIDX,0,BANKNIFTY-Jun2024-43800-PE,15,BANKNIFTY 19 JUN 43800 PUT,19-06-2024 14:30,43800,PE,5,W,OP,,
NSE,D,40868,OPTIDX,0,BANKNIFTY-Jun2024-43900-CE,15,BANKNIFTY 19 JUN 43900 CALL,19-06-2024 14:30,43900,CE,5,W,OP,,
NSE,D,40869,OPTIDX,0,BANKNIFTY-Jun2024-43900-PE,15,BANKNIFTY 19 JUN 43900 PUT,19-06-2024 14:30,43900,PE,5,W,OP,,
NSE,D,40870,OPTIDX,0,BANKNIFTY-Jun2024-44000-CE,15,BANKNIFTY 19 JUN 44000 CALL,19-06-2024 14:30,44000,CE,5,W,OP,,
NSE,D,40872,OPTIDX,0,BANKNIFTY-Jun2024-44000-PE,15,BANKNIFTY 19 JUN 44000 PUT,19-06-2024 14:30,44000,PE,5,W,OP,,
NSE,D,40873,OPTIDX,0,BANKNIFTY-Jun2024-44100-CE,15,BANKNIFTY 19 JUN 44100 CALL,19-06-2024 14:30,44100,CE,5,W,OP,,
NSE,D,40878,OPTIDX,0,BANKNIFTY-Jun2024-44100-PE,15,BANKNIFTY 19 JUN 44100 PUT,19-06-2024 14:30,44100,PE,5,W,OP,,
NSE,D,40882,OPTIDX,0,BANKNIFTY-Jun2024-44200-CE,15,BANKNIFTY 19 JUN 44200 CALL,19-06-2024 14:30,44200,CE,5,W,OP,,
NSE,D,40883,OPTIDX,0,BANKNIFTY-Jun2024-44200-PE,15,BANKNIFTY 19 JUN 44200 PUT,19-06-2024 14:30,44200,PE,5,W,OP,,
NSE,D,40887,OPTIDX,0,BANKNIFTY-Jun2024-44300-CE,15,BANKNIFTY 19 JUN 44300 CALL,19-06-2024 14:30,44300,CE,5,W,OP,,
NSE,D,40888,OPTIDX,0,BANKNIFTY-Jun2024-44300-PE,15,BANKNIFTY 19 JUN 44300 PUT,19-06-2024 14:30,44300,PE,5,W,OP,,
NSE,D,40891,OPTIDX,0,BANKNIFTY-Jun2024-44400-CE,15,BANKNIFTY 19 JUN 44400 CALL,19-06-2024 14:30,44400,CE,5,W,OP,,
NSE,D,40892,OPTIDX,0,BANKNIFTY-Jun2024-44400-PE,15,BANKNIFTY 19 JUN 44400 PUT,19-06-2024 14:30,44400,PE,5,W,OP,,
NSE,D,40895,OPTIDX,0,BANKNIFTY-Jun2024-44500-CE,15,BANKNIFTY 19 JUN 44500 CALL,19-06-2024 14:30,44500,CE,5,W,OP,,
NSE,D,40897,OPTIDX,0,BANKNIFTY-Jun2024-44500-PE,15,BANKNIFTY 19 JUN 44500 PUT,19-06-2024 14:30,44500,PE,5,W,OP,,
NSE,D,40898,OPTIDX,0,BANKNIFTY-Jun2024-44600-CE,15,BANKNIFTY 19 JUN 44600 CALL,19-06-2024 14:30,44600,CE,5,W,OP,,
NSE,D,40899,OPTIDX,0,BANKNIFTY-Jun2024-44600-PE,15,BANKNIFTY 19 JUN 44600 PUT,19-06-2024 14:30,44600,PE,5,W,OP,,
NSE,D,40900,OPTIDX,0,BANKNIFTY-Jun2024-44700-CE,15,BANKNIFTY 19 JUN 44700 CALL,19-06-2024 14:30,44700,CE,5,W,OP,,
NSE,D,40901,OPTIDX,0,BANKNIFTY-Jun2024-44700-PE,15,BANKNIFTY 19 JUN 44700 PUT,19-06-2024 14:30,44700,PE,5,W,OP,,
NSE,D,40903,OPTIDX,0,BANKNIFTY-Jun2024-44800-CE,15,BANKNIFTY 19 JUN 44800 CALL,19-06-2024 14:30,44800,CE,5,W,OP,,
NSE,D,40905,OPTIDX,0,BANKNIFTY-Jun2024-44800-PE,15,BANKNIFTY 19 JUN 44800 PUT,19-06-2024 14:30,44800,PE,5,W,OP,,
NSE,D,40906,OPTIDX,0,BANKNIFTY-Jun2024-44900-CE,15,BANKNIFTY 19 JUN 44900 CALL,19-06-2024 14:30,44900,CE,5,W,OP,,
NSE,D,40907,OPTIDX,0,BANKNIFTY-Jun2024-44900-PE,15,BANKNIFTY 19 JUN 44900 PUT,19-06-2024 14:30,44900,PE,5,W,OP,,
NSE,D,40908,OPTIDX,0,BANKNIFTY-Jun2024-45000-CE,15,BANKNIFTY 19 JUN 45000 CALL,19-06-2024 14:30,45000,CE,5,W,OP,,
NSE,D,40909,OPTIDX,0,BANKNIFTY-Jun2024-45000-PE,15,BANKNIFTY 19 JUN 45000 PUT,19-06-2024 14:30,45000,PE,5,W,OP,,
NSE,D,40915,OPTIDX,0,BANKNIFTY-Jun2024-45100-CE,15,BANKNIFTY 19 JUN 45100 CALL,19-06-2024 14:30,45100,CE,5,W,OP,,
NSE,D,40916,OPTIDX,0,BANKNIFTY-Jun2024-45100-PE,15,BANKNIFTY 19 JUN 45100 PUT,19-06-2024 14:30,45100,PE,5,W,OP,,
NSE,D,40917,OPTIDX,0,BANKNIFTY-Jun2024-45200-CE,15,BANKNIFTY 19 JUN 45200 CALL,19-06-2024 14:30,45200,CE,5,W,OP,,
NSE,D,40918,OPTIDX,0,BANKNIFTY-Jun2024-45200-PE,15,BANKNIFTY 19 JUN 45200 PUT,19-06-2024 14:30,45200,PE,5,W,OP,,
NSE,D,40919,OPTIDX,0,BANKNIFTY-Jun2024-45300-CE,15,BANKNIFTY 19 JUN 45300 CALL,19-06-2024 14:30,45300,CE,5,W,OP,,
NSE,D,40920,OPTIDX,0,BANKNIFTY-Jun2024-45300-PE,15,BANKNIFTY 19 JUN 45300 PUT,19-06-2024 14:30,45300,PE,5,W,OP,,
NSE,D,40921,OPTIDX,0,BANKNIFTY-Jun2024-45400-CE,15,BANKNIFTY 19 JUN 45400 CALL,19-06-2024 14:30,45400,CE,5,W,OP,,
NSE,D,40922,OPTIDX,0,BANKNIFTY-Jun2024-45400-PE,15,BANKNIFTY 19 JUN 45400 PUT,19-06-2024 14:30,45400,PE,5,W,OP,,
NSE,D,40923,OPTIDX,0,BANKNIFTY-Jun2024-45500-CE,15,BANKNIFTY 19 JUN 45500 CALL,19-06-2024 14:30,45500,CE,5,W,OP,,
NSE,D,40924,OPTIDX,0,BANKNIFTY-Jun2024-45500-PE,15,BANKNIFTY 19 JUN 45500 PUT,19-06-2024 14:30,45500,PE,5,W,OP,,
NSE,D,40925,OPTIDX,0,BANKNIFTY-Jun2024-45600-CE,15,BANKNIFTY 19 JUN 45600 CALL,19-06-2024 14:30,45600,CE,5,W,OP,,
NSE,D,40926,OPTIDX,0,BANKNIFTY-Jun2024-45600-PE,15,BANKNIFTY 19 JUN 45600 PUT,19-06-2024 14:30,45600,PE,5,W,OP,,
NSE,D,40928,OPTIDX,0,BANKNIFTY-Jun2024-45700-CE,15,BANKNIFTY 19 JUN 45700 CALL,19-06-2024 14:30,45700,CE,5,W,OP,,
NSE,D,40929,OPTIDX,0,BANKNIFTY-Jun2024-45700-PE,15,BANKNIFTY 19 JUN 45700 PUT,19-06-2024 14:30,45700,PE,5,W,OP,,
NSE,D,40934,OPTIDX,0,BANKNIFTY-Jun2024-45800-CE,15,BANKNIFTY 19 JUN 45800 CALL,19-06-2024 14:30,45800,CE,5,W,OP,,
NSE,D,40935,OPTIDX,0,BANKNIFTY-Jun2024-45800-PE,15,BANKNIFTY 19 JUN 45800 PUT,19-06-2024 14:30,45800,PE,5,W,OP,,
NSE,D,40936,OPTIDX,0,BANKNIFTY-Jun2024-45900-CE,15,BANKNIFTY 19 JUN 45900 CALL,19-06-2024 14:30,45900,CE,5,W,OP,,
NSE,D,40938,OPTIDX,0,BANKNIFTY-Jun2024-45900-PE,15,BANKNIFTY 19 JUN 45900 PUT,19-06-2024 14:30,45900,PE,5,W,OP,,
NSE,D,40939,OPTIDX,0,BANKNIFTY-Jun2024-46000-CE,15,BANKNIFTY 19 JUN 46000 CALL,19-06-2024 14:30,46000,CE,5,W,OP,,
NSE,D,40940,OPTIDX,0,BANKNIFTY-Jun2024-46000-PE,15,BANKNIFTY 19 JUN 46000 PUT,19-06-2024 14:30,46000,PE,5,W,OP,,
NSE,D,40941,OPTIDX,0,BANKNIFTY-Jun2024-46100-CE,15,BANKNIFTY 19 JUN 46100 CALL,19-06-2024 14:30,46100,CE,5,W,OP,,
NSE,D,40944,OPTIDX,0,BANKNIFTY-Jun2024-46100-PE,15,BANKNIFTY 19 JUN 46100 PUT,19-06-2024 14:30,46100,PE,5,W,OP,,
NSE,D,40945,OPTIDX,0,BANKNIFTY-Jun2024-46200-CE,15,BANKNIFTY 19 JUN 46200 CALL,19-06-2024 14:30,46200,CE,5,W,OP,,
NSE,D,40946,OPTIDX,0,BANKNIFTY-Jun2024-46200-PE,15,BANKNIFTY 19 JUN 46200 PUT,19-06-2024 14:30,46200,PE,5,W,OP,,
NSE,D,40947,OPTIDX,0,BANKNIFTY-Jun2024-46300-CE,15,BANKNIFTY 19 JUN 46300 CALL,19-06-2024 14:30,46300,CE,5,W,OP,,
NSE,D,40948,OPTIDX,0,BANKNIFTY-Jun2024-46300-PE,15,BANKNIFTY 19 JUN 46300 PUT,19-06-2024 14:30,46300,PE,5,W,OP,,
NSE,D,40949,OPTIDX,0,BANKNIFTY-Jun2024-46400-CE,15,BANKNIFTY 19 JUN 46400 CALL,19-06-2024 14:30,46400,CE,5,W,OP,,
NSE,D,40956,OPTIDX,0,BANKNIFTY-Jun2024-46400-PE,15,BANKNIFTY 19 JUN 46400 PUT,19-06-2024 14:30,46400,PE,5,W,OP,,
NSE,D,40957,OPTIDX,0,BANKNIFTY-Jun2024-46500-CE,15,BANKNIFTY 19 JUN 46500 CALL,19-06-2024 14:30,46500,CE,5,W,OP,,
NSE,D,40958,OPTIDX,0,BANKNIFTY-Jun2024-46500-PE,15,BANKNIFTY 19 JUN 46500 PUT,19-06-2024 14:30,46500,PE,5,W,OP,,
NSE,D,40959,OPTIDX,0,BANKNIFTY-Jun2024-46600-CE,15,BANKNIFTY 19 JUN 46600 CALL,19-06-2024 14:30,46600,CE,5,W,OP,,
NSE,D,40966,OPTIDX,0,BANKNIFTY-Jun2024-46600-PE,15,BANKNIFTY 19 JUN 46600 PUT,19-06-2024 14:30,46600,PE,5,W,OP,,
NSE,D,40967,OPTIDX,0,BANKNIFTY-Jun2024-46700-CE,15,BANKNIFTY 19 JUN 46700 CALL,19-06-2024 14:30,46700,CE,5,W,OP,,
NSE,D,40968,OPTIDX,0,BANKNIFTY-Jun2024-46700-PE,15,BANKNIFTY 19 JUN 46700 PUT,19-06-2024 14:30,46700,PE,5,W,OP,,
NSE,D,40976,OPTIDX,0,BANKNIFTY-Jun2024-46800-CE,15,BANKNIFTY 19 JUN 46800 CALL,19-06-2024 14:30,46800,CE,5,W,OP,,
NSE,D,40977,OPTIDX,0,BANKNIFTY-Jun2024-46800-PE,15,BANKNIFTY 19 JUN 46800 PUT,19-06-2024 14:30,46800,PE,5,W,OP,,
NSE,D,40982,OPTIDX,0,BANKNIFTY-Jun2024-46900-CE,15,BANKNIFTY 19 JUN 46900 CALL,19-06-2024 14:30,46900,CE,5,W,OP,,
NSE,D,40986,OPTIDX,0,BANKNIFTY-Jun2024-46900-PE,15,BANKNIFTY 19 JUN 46900 PUT,19-06-2024 14:30,46900,PE,5,W,OP,,
NSE,D,40987,OPTIDX,0,BANKNIFTY-Jun2024-47000-CE,15,BANKNIFTY 19 JUN 47000 CALL,19-06-2024 14:30,47000,CE,5,W,OP,,
NSE,D,40988,OPTIDX,0,BANKNIFTY-Jun2024-47000-PE,15,BANKNIFTY 19 JUN 47000 PUT,19-06-2024 14:30,47000,PE,5,W,OP,,
NSE,D,40994,OPTIDX,0,BANKNIFTY-Jun2024-47100-CE,15,BANKNIFTY 19 JUN 47100 CALL,19-06-2024 14:30,47100,CE,5,W,OP,,
NSE,D,41006,OPTIDX,0,BANKNIFTY-Jun2024-47100-PE,15,BANKNIFTY 19 JUN 47100 PUT,19-06-2024 14:30,47100,PE,5,W,OP,,
NSE,D,41007,OPTIDX,0,BANKNIFTY-Jun2024-47200-CE,15,BANKNIFTY 19 JUN 47200 CALL,19-06-2024 14:30,47200,CE,5,W,OP,,
NSE,D,41009,OPTIDX,0,BANKNIFTY-Jun2024-47200-PE,15,BANKNIFTY 19 JUN 47200 PUT,19-06-2024 14:30,47200,PE,5,W,OP,,
NSE,D,41010,OPTIDX,0,BANKNIFTY-Jun2024-47300-CE,15,BANKNIFTY 19 JUN 47300 CALL,19-06-2024 14:30,47300,CE,5,W,OP,,
NSE,D,41013,OPTIDX,0,BANKNIFTY-Jun2024-47300-PE,15,BANKNIFTY 19 JUN 47300 PUT,19-06-2024 14:30,47300,PE,5,W,OP,,
NSE,D,41014,OPTIDX,0,BANKNIFTY-Jun2024-47400-CE,15,BANKNIFTY 19 JUN 47400 CALL,19-06-2024 14:30,47400,CE,5,W,OP,,
NSE,D,41015,OPTIDX,0,BANKNIFTY-Jun2024-47400-PE,15,BANKNIFTY 19 JUN 47400 PUT,19-06-2024 14:30,47400,PE,5,W,OP,,
NSE,D,41016,OPTIDX,0,BANKNIFTY-Jun2024-47500-CE,15,BANKNIFTY 19 JUN 47500 CALL,19-06-2024 14:30,47500,CE,5,W,OP,,
NSE,D,41032,OPTIDX,0,BANKNIFTY-Jun2024-47500-PE,15,BANKNIFTY 19 JUN 47500 PUT,19-06-2024 14:30,47500,PE,5,W,OP,,
NSE,D,41034,OPTIDX,0,BANKNIFTY-Jun2024-47600-CE,15,BANKNIFTY 19 JUN 47600 CALL,19-06-2024 14:30,47600,CE,5,W,OP,,
NSE,D,41035,OPTIDX,0,BANKNIFTY-Jun2024-47600-PE,15,BANKNIFTY 19 JUN 47600 PUT,19-06-2024 14:30,47600,PE,5,W,OP,,
NSE,D,41037,OPTIDX,0,BANKNIFTY-Jun2024-47700-CE,15,BANKNIFTY 19 JUN 47700 CALL,19-06-2024 14:30,47700,CE,5,W,OP,,
NSE,D,41047,OPTIDX,0,BANKNIFTY-Jun2024-47700-PE,15,BANKNIFTY 19 JUN 47700 PUT,19-06-2024 14:30,47700,PE,5,W,OP,,
NSE,D,41051,OPTIDX,0,BANKNIFTY-Jun2024-47800-CE,15,BANKNIFTY 19 JUN 47800 CALL,19-06-2024 14:30,47800,CE,5,W,OP,,
NSE,D,41055,OPTIDX,0,BANKNIFTY-Jun2024-47800-PE,15,BANKNIFTY 19 JUN 47800 PUT,19-06-2024 14:30,47800,PE,5,W,OP,,
NSE,D,41056,OPTIDX,0,BANKNIFTY-Jun2024-47900-CE,15,BANKNIFTY 19 JUN 47900 CALL,19-06-2024 14:30,47900,CE,5,W,OP,,
NSE,D,41059,OPTIDX,0,BANKNIFTY-Jun2024-47900-PE,15,BANKNIFTY 19 JUN 47900 PUT,19-06-2024 14:30,47900,PE,5,W,OP,,
NSE,D,41060,OPTIDX,0,BANKNIFTY-Jun2024-48000-CE,15,BANKNIFTY 19 JUN 48000 CALL,19-06-2024 14:30,48000,CE,5,W,OP,,
NSE,D,41061,OPTIDX,0,BANKNIFTY-Jun2024-48000-PE,15,BANKNIFTY 19 JUN 48000 PUT,19-06-2024 14:30,48000,PE,5,W,OP,,
NSE,D,41062,OPTIDX,0,BANKNIFTY-Jun2024-48100-CE,15,BANKNIFTY 19 JUN 48100 CALL,19-06-2024 14:30,48100,CE,5,W,OP,,
NSE,D,41071,OPTIDX,0,BANKNIFTY-Jun2024-48100-PE,15,BANKNIFTY 19 JUN 48100 PUT,19-06-2024 14:30,48100,PE,5,W,OP,,
NSE,D,41072,OPTIDX,0,BANKNIFTY-Jun2024-48200-CE,15,BANKNIFTY 19 JUN 48200 CALL,19-06-2024 14:30,48200,CE,5,W,OP,,
NSE,D,41076,OPTIDX,0,BANKNIFTY-Jun2024-48200-PE,15,BANKNIFTY 19 JUN 48200 PUT,19-06-2024 14:30,48200,PE,5,W,OP,,
NSE,D,41077,OPTIDX,0,BANKNIFTY-Jun2024-48300-CE,15,BANKNIFTY 19 JUN 48300 CALL,19-06-2024 14:30,48300,CE,5,W,OP,,
NSE,D,41083,OPTIDX,0,BANKNIFTY-Jun2024-48300-PE,15,BANKNIFTY 19 JUN 48300 PUT,19-06-2024 14:30,48300,PE,5,W,OP,,
NSE,D,41084,OPTIDX,0,BANKNIFTY-Jun2024-48400-CE,15,BANKNIFTY 19 JUN 48400 CALL,19-06-2024 14:30,48400,CE,5,W,OP,,
NSE,D,41099,OPTIDX,0,BANKNIFTY-Jun2024-48400-PE,15,BANKNIFTY 19 JUN 48400 PUT,19-06-2024 14:30,48400,PE,5,W,OP,,
NSE,D,41100,OPTIDX,0,BANKNIFTY-Jun2024-48500-CE,15,BANKNIFTY 19 JUN 48500 CALL,19-06-2024 14:30,48500,CE,5,W,OP,,
NSE,D,41101,OPTIDX,0,BANKNIFTY-Jun2024-48500-PE,15,BANKNIFTY 19 JUN 48500 PUT,19-06-2024 14:30,48500,PE,5,W,OP,,
NSE,D,41102,OPTIDX,0,BANKNIFTY-Jun2024-48600-CE,15,BANKNIFTY 19 JUN 48600 CALL,19-06-2024 14:30,48600,CE,5,W,OP,,
NSE,D,41105,OPTIDX,0,BANKNIFTY-Jun2024-48600-PE,15,BANKNIFTY 19 JUN 48600 PUT,19-06-2024 14:30,48600,PE,5,W,OP,,
NSE,D,41106,OPTIDX,0,BANKNIFTY-Jun2024-48700-CE,15,BANKNIFTY 19 JUN 48700 CALL,19-06-2024 14:30,48700,CE,5,W,OP,,
NSE,D,41108,OPTIDX,0,BANKNIFTY-Jun2024-48700-PE,15,BANKNIFTY 19 JUN 48700 PUT,19-06-2024 14:30,48700,PE,5,W,OP,,
NSE,D,41109,OPTIDX,0,BANKNIFTY-Jun2024-48800-CE,15,BANKNIFTY 19 JUN 48800 CALL,19-06-2024 14:30,48800,CE,5,W,OP,,
NSE,D,41110,OPTIDX,0,BANKNIFTY-Jun2024-48800-PE,15,BANKNIFTY 19 JUN 48800 PUT,19-06-2024 14:30,48800,PE,5,W,OP,,
NSE,D,41111,OPTIDX,0,BANKNIFTY-Jun2024-48900-CE,15,BANKNIFTY 19 JUN 48900 CALL,19-06-2024 14:30,48900,CE,5,W,OP,,
NSE,D,41113,OPTIDX,0,BANKNIFTY-Jun2024-48900-PE,15,BANKNIFTY 19 JUN 48900 PUT,19-06-2024 14:30,48900,PE,5,W,OP,,
NSE,D,41116,OPTIDX,0,BANKNIFTY-Jun2024-49000-CE,15,BANKNIFTY 19 JUN 49000 CALL,19-06-2024 14:30,49000,CE,5,W,OP,,
NSE,D,41117,OPTIDX,0,BANKNIFTY-Jun2024-49000-PE,15,BANKNIFTY 19 JUN 49000 PUT,19-06-2024 14:30,49000,PE,5,W,OP,,
NSE,D,41118,OPTIDX,0,BANKNIFTY-Jun2024-49100-CE,15,BANKNIFTY 19 JUN 49100 CALL,19-06-2024 14:30,49100,CE,5,W,OP,,
NSE,D,41122,OPTIDX,0,BANKNIFTY-Jun2024-49100-PE,15,BANKNIFTY 19 JUN 49100 PUT,19-06-2024 14:30,49100,PE,5,W,OP,,
NSE,D,41125,OPTIDX,0,BANKNIFTY-Jun2024-49200-CE,15,BANKNIFTY 19 JUN 49200 CALL,19-06-2024 14:30,49200,CE,5,W,OP,,
NSE,D,41126,OPTIDX,0,BANKNIFTY-Jun2024-49200-PE,15,BANKNIFTY 19 JUN 49200 PUT,19-06-2024 14:30,49200,PE,5,W,OP,,
NSE,D,41128,OPTIDX,0,BANKNIFTY-Jun2024-49300-CE,15,BANKNIFTY 19 JUN 49300 CALL,19-06-2024 14:30,49300,CE,5,W,OP,,
NSE,D,41129,OPTIDX,0,BANKNIFTY-Jun2024-49300-PE,15,BANKNIFTY 19 JUN 49300 PUT,19-06-2024 14:30,49300,PE,5,W,OP,,
NSE,D,41131,OPTIDX,0,BANKNIFTY-Jun2024-49400-CE,15,BANKNIFTY 19 JUN 49400 CALL,19-06-2024 14:30,49400,CE,5,W,OP,,
NSE,D,41135,OPTIDX,0,BANKNIFTY-Jun2024-49400-PE,15,BANKNIFTY 19 JUN 49400 PUT,19-06-2024 14:30,49400,PE,5,W,OP,,
NSE,D,41138,OPTIDX,0,BANKNIFTY-Jun2024-49500-CE,15,BANKNIFTY 19 JUN 49500 CALL,19-06-2024 14:30,49500,CE,5,W,OP,,
NSE,D,41139,OPTIDX,0,BANKNIFTY-Jun2024-49500-PE,15,BANKNIFTY 19 JUN 49500 PUT,19-06-2024 14:30,49500,PE,5,W,OP,,
NSE,D,41140,OPTIDX,0,BANKNIFTY-Jun2024-49600-CE,15,BANKNIFTY 19 JUN 49600 CALL,19-06-2024 14:30,49600,CE,5,W,OP,,
NSE,D,41146,OPTIDX,0,BANKNIFTY-Jun2024-49600-PE,15,BANKNIFTY 19 JUN 49600 PUT,19-06-2024 14:30,49600,PE,5,W,OP,,
NSE,D,41149,OPTIDX,0,BANKNIFTY-Jun2024-49700-CE,15,BANKNIFTY 19 JUN 49700 CALL,19-06-2024 14:30,49700,CE,5,W,OP,,
NSE,D,41150,OPTIDX,0,BANKNIFTY-Jun2024-49700-PE,15,BANKNIFTY 19 JUN 49700 PUT,19-06-2024 14:30,49700,PE,5,W,OP,,
NSE,D,41152,OPTIDX,0,BANKNIFTY-Jun2024-49800-CE,15,BANKNIFTY 19 JUN 49800 CALL,19-06-2024 14:30,49800,CE,5,W,OP,,
NSE,D,41153,OPTIDX,0,BANKNIFTY-Jun2024-49800-PE,15,BANKNIFTY 19 JUN 49800 PUT,19-06-2024 14:30,49800,PE,5,W,OP,,
NSE,D,41155,OPTIDX,0,BANKNIFTY-Jun2024-49900-CE,15,BANKNIFTY 19 JUN 49900 CALL,19-06-2024 14:30,49900,CE,5,W,OP,,
NSE,D,41156,OPTIDX,0,BANKNIFTY-Jun2024-49900-PE,15,BANKNIFTY 19 JUN 49900 PUT,19-06-2024 14:30,49900,PE,5,W,OP,,
NSE,D,41160,OPTIDX,0,BANKNIFTY-Jun2024-50000-CE,15,BANKNIFTY 19 JUN 50000 CALL,19-06-2024 14:30,50000,CE,5,W,OP,,
NSE,D,41161,OPTIDX,0,BANKNIFTY-Jun2024-50000-PE,15,BANKNIFTY 19 JUN 50000 PUT,19-06-2024 14:30,50000,PE,5,W,OP,,
NSE,D,41162,OPTIDX,0,BANKNIFTY-Jun2024-50100-CE,15,BANKNIFTY 19 JUN 50100 CALL,19-06-2024 14:30,50100,CE,5,W,OP,,
NSE,D,41166,OPTIDX,0,BANKNIFTY-Jun2024-50100-PE,15,BANKNIFTY 19 JUN 50100 PUT,19-06-2024 14:30,50100,PE,5,W,OP,,
NSE,D,41167,OPTIDX,0,BANKNIFTY-Jun2024-50200-CE,15,BANKNIFTY 19 JUN 50200 CALL,19-06-2024 14:30,50200,CE,5,W,OP,,
NSE,D,41170,OPTIDX,0,BANKNIFTY-Jun2024-50200-PE,15,BANKNIFTY 19 JUN 50200 PUT,19-06-2024 14:30,50200,PE,5,W,OP,,
NSE,D,41171,OPTIDX,0,BANKNIFTY-Jun2024-50300-CE,15,BANKNIFTY 19 JUN 50300 CALL,19-06-2024 14:30,50300,CE,5,W,OP,,
NSE,D,41174,OPTIDX,0,BANKNIFTY-Jun2024-50300-PE,15,BANKNIFTY 19 JUN 50300 PUT,19-06-2024 14:30,50300,PE,5,W,OP,,
NSE,D,41175,OPTIDX,0,BANKNIFTY-Jun2024-50400-CE,15,BANKNIFTY 19 JUN 50400 CALL,19-06-2024 14:30,50400,CE,5,W,OP,,
NSE,D,41182,OPTIDX,0,BANKNIFTY-Jun2024-50400-PE,15,BANKNIFTY 19 JUN 50400 PUT,19-06-2024 14:30,50400,PE,5,W,OP,,
NSE,D,41183,OPTIDX,0,BANKNIFTY-Jun2024-50500-CE,15,BANKNIFTY 19 JUN 50500 CALL,19-06-2024 14:30,50500,CE,5,W,OP,,
NSE,D,41184,OPTIDX,0,BANKNIFTY-Jun2024-50500-PE,15,BANKNIFTY 19 JUN 50500 PUT,19-06-2024 14:30,50500,PE,5,W,OP,,
NSE,D,41185,OPTIDX,0,BANKNIFTY-Jun2024-50600-CE,15,BANKNIFTY 19 JUN 50600 CALL,19-06-2024 14:30,50600,CE,5,W,OP,,
NSE,D,41186,OPTIDX,0,BANKNIFTY-Jun2024-50600-PE,15,BANKNIFTY 19 JUN 50600 PUT,19-06-2024 14:30,50600,PE,5,W,OP,,
NSE,D,41191,OPTIDX,0,BANKNIFTY-Jun2024-50700-CE,15,BANKNIFTY 19 JUN 50700 CALL,19-06-2024 14:30,50700,CE,5,W,OP,,
NSE,D,41197,OPTIDX,0,BANKNIFTY-Jun2024-50700-PE,15,BANKNIFTY 19 JUN 50700 PUT,19-06-2024 14:30,50700,PE,5,W,OP,,
NSE,D,41198,OPTIDX,0,BANKNIFTY-Jun2024-50800-CE,15,BANKNIFTY 19 JUN 50800 CALL,19-06-2024 14:30,50800,CE,5,W,OP,,
NSE,D,41209,OPTIDX,0,BANKNIFTY-Jun2024-50800-PE,15,BANKNIFTY 19 JUN 50800 PUT,19-06-2024 14:30,50800,PE,5,W,OP,,
NSE,D,41214,OPTIDX,0,BANKNIFTY-Jun2024-50900-CE,15,BANKNIFTY 19 JUN 50900 CALL,19-06-2024 14:30,50900,CE,5,W,OP,,
NSE,D,41224,OPTIDX,0,BANKNIFTY-Jun2024-50900-PE,15,BANKNIFTY 19 JUN 50900 PUT,19-06-2024 14:30,50900,PE,5,W,OP,,
NSE,D,41225,OPTIDX,0,BANKNIFTY-Jun2024-51000-CE,15,BANKNIFTY 19 JUN 51000 CALL,19-06-2024 14:30,51000,CE,5,W,OP,,
NSE,D,41226,OPTIDX,0,BANKNIFTY-Jun2024-51000-PE,15,BANKNIFTY 19 JUN 51000 PUT,19-06-2024 14:30,51000,PE,5,W,OP,,
NSE,D,41227,OPTIDX,0,BANKNIFTY-Jun2024-51100-CE,15,BANKNIFTY 19 JUN 51100 CALL,19-06-2024 14:30,51100,CE,5,W,OP,,
NSE,D,41228,OPTIDX,0,BANKNIFTY-Jun2024-51100-PE,15,BANKNIFTY 19 JUN 51100 PUT,19-06-2024 14:30,51100,PE,5,W,OP,,
NSE,D,41229,OPTIDX,0,BANKNIFTY-Jun2024-51200-CE,15,BANKNIFTY 19 JUN 51200 CALL,19-06-2024 14:30,51200,CE,5,W,OP,,
NSE,D,41232,OPTIDX,0,BANKNIFTY-Jun2024-51200-PE,15,BANKNIFTY 19 JUN 51200 PUT,19-06-2024 14:30,51200,PE,5,W,OP,,
NSE,D,41233,OPTIDX,0,BANKNIFTY-Jun2024-51300-CE,15,BANKNIFTY 19 JUN 51300 CALL,19-06-2024 14:30,51300,CE,5,W,OP,,
NSE,D,41234,OPTIDX,0,BANKNIFTY-Jun2024-51300-PE,15,BANKNIFTY 19 JUN 51300 PUT,19-06-2024 14:30,51300,PE,5,W,OP,,
NSE,D,41238,OPTIDX,0,BANKNIFTY-Jun2024-51400-CE,15,BANKNIFTY 19 JUN 51400 CALL,19-06-2024 14:30,51400,CE,5,W,OP,,
NSE,D,41239,OPTIDX,0,BANKNIFTY-Jun2024-51400-PE,15,BANKNIFTY 19 JUN 51400 PUT,19-06-2024 14:30,51400,PE,5,W,OP,,
NSE,D,41241,OPTIDX,0,BANKNIFTY-Jun2024-51500-CE,15,BANKNIFTY 19 JUN 51500 CALL,19-06-2024 14:30,51500,CE,5,W,OP,,
NSE,D,41243,OPTIDX,0,BANKNIFTY-Jun2024-51500-PE,15,BANKNIFTY 19 JUN 51500 PUT,19-06-2024 14:30,51500,PE,5,W,OP,,
NSE,D,41262,OPTIDX,0,BANKNIFTY-Jun2024-51600-CE,15,BANKNIFTY 19 JUN 51600 CALL,19-06-2024 14:30,51600,CE,5,W,OP,,
NSE,D,41269,OPTIDX,0,BANKNIFTY-Jun2024-51600-PE,15,BANKNIFTY 19 JUN 51600 PUT,19-06-2024 14:30,51600,PE,5,W,OP,,
NSE,D,41271,OPTIDX,0,BANKNIFTY-Jun2024-51700-CE,15,BANKNIFTY 19 JUN 51700 CALL,19-06-2024 14:30,51700,CE,5,W,OP,,
NSE,D,41276,OPTIDX,0,BANKNIFTY-Jun2024-51700-PE,15,BANKNIFTY 19 JUN 51700 PUT,19-06-2024 14:30,51700,PE,5,W,OP,,
NSE,D,41277,OPTIDX,0,BANKNIFTY-Jun2024-51800-CE,15,BANKNIFTY 19 JUN 51800 CALL,19-06-2024 14:30,51800,CE,5,W,OP,,
NSE,D,41278,OPTIDX,0,BANKNIFTY-Jun2024-51800-PE,15,BANKNIFTY 19 JUN 51800 PUT,19-06-2024 14:30,51800,PE,5,W,OP,,
NSE,D,41279,OPTIDX,0,BANKNIFTY-Jun2024-51900-CE,15,BANKNIFTY 19 JUN 51900 CALL,19-06-2024 14:30,51900,CE,5,W,OP,,
NSE,D,41285,OPTIDX,0,BANKNIFTY-Jun2024-51900-PE,15,BANKNIFTY 19 JUN 51900 PUT,19-06-2024 14:30,51900,PE,5,W,OP,,
NSE,D,41291,OPTIDX,0,BANKNIFTY-Jun2024-52000-CE,15,BANKNIFTY 19 JUN 52000 CALL,19-06-2024 14:30,52000,CE,5,W,OP,,
NSE,D,41292,OPTIDX,0,BANKNIFTY-Jun2024-52000-PE,15,BANKNIFTY 19 JUN 52000 PUT,19-06-2024 14:30,52000,PE,5,W,OP,,
NSE,D,41293,OPTIDX,0,BANKNIFTY-Jun2024-52100-CE,15,BANKNIFTY 19 JUN 52100 CALL,19-06-2024 14:30,52100,CE,5,W,OP,,
NSE,D,41294,OPTIDX,0,BANKNIFTY-Jun2024-52100-PE,15,BANKNIFTY 19 JUN 52100 PUT,19-06-2024 14:30,52100,PE,5,W,OP,,
NSE,D,41295,OPTIDX,0,BANKNIFTY-Jun2024-52200-CE,15,BANKNIFTY 19 JUN 52200 CALL,19-06-2024 14:30,52200,CE,5,W,OP,,
NSE,D,41298,OPTIDX,0,BANKNIFTY-Jun2024-52200-PE,15,BANKNIFTY 19 JUN 52200 PUT,19-06-2024 14:30,52200,PE,5,W,OP,,
NSE,D,41299,OPTIDX,0,BANKNIFTY-Jun2024-52300-CE,15,BANKNIFTY 19 JUN 52300 CALL,19-06-2024 14:30,52300,CE,5,W,OP,,
NSE,D,41308,OPTIDX,0,BANKNIFTY-Jun2024-52300-PE,15,BANKNIFTY 19 JUN 52300 PUT,19-06-2024 14:30,52300,PE,5,W,OP,,
NSE,D,41309,OPTIDX,0,BANKNIFTY-Jun2024-52400-CE,15,BANKNIFTY 19 JUN 52400 CALL,19-06-2024 14:30,52400,CE,5,W,OP,,
NSE,D,41313,OPTIDX,0,BANKNIFTY-Jun2024-52400-PE,15,BANKNIFTY 19 JUN 52400 PUT,19-06-2024 14:30,52400,PE,5,W,OP,,
NSE,D,41319,OPTIDX,0,BANKNIFTY-Jun2024-52500-CE,15,BANKNIFTY 19 JUN 52500 CALL,19-06-2024 14:30,52500,CE,5,W,OP,,
NSE,D,41320,OPTIDX,0,BANKNIFTY-Jun2024-52500-PE,15,BANKNIFTY 19 JUN 52500 PUT,19-06-2024 14:30,52500,PE,5,W,OP,,
NSE,D,41328,OPTIDX,0,BANKNIFTY-Jun2024-52600-CE,15,BANKNIFTY 19 JUN 52600 CALL,19-06-2024 14:30,52600,CE,5,W,OP,,
NSE,D,41329,OPTIDX,0,BANKNIFTY-Jun2024-52600-PE,15,BANKNIFTY 19 JUN 52600 PUT,19-06-2024 14:30,52600,PE,5,W,OP,,
NSE,D,41330,OPTIDX,0,BANKNIFTY-Jun2024-52700-CE,15,BANKNIFTY 19 JUN 52700 CALL,19-06-2024 14:30,52700,CE,5,W,OP,,
NSE,D,41332,OPTIDX,0,BANKNIFTY-Jun2024-52700-PE,15,BANKNIFTY 19 JUN 52700 PUT,19-06-2024 14:30,52700,PE,5,W,OP,,
NSE,D,41333,OPTIDX,0,BANKNIFTY-Jun2024-52800-CE,15,BANKNIFTY 19 JUN 52800 CALL,19-06-2024 14:30,52800,CE,5,W,OP,,
NSE,D,41334,OPTIDX,0,BANKNIFTY-Jun2024-52800-PE,15,BANKNIFTY 19 JUN 52800 PUT,19-06-2024 14:30,52800,PE,5,W,OP,,
NSE,D,41347,OPTIDX,0,BANKNIFTY-Jun2024-52900-CE,15,BANKNIFTY 19 JUN 52900 CALL,19-06-2024 14:30,52900,CE,5,W,OP,,
NSE,D,41368,OPTIDX,0,BANKNIFTY-Jun2024-52900-PE,15,BANKNIFTY 19 JUN 52900 PUT,19-06-2024 14:30,52900,PE,5,W,OP,,
NSE,D,41369,OPTIDX,0,BANKNIFTY-Jun2024-53000-CE,15,BANKNIFTY 19 JUN 53000 CALL,19-06-2024 14:30,53000,CE,5,W,OP,,
NSE,D,41372,OPTIDX,0,BANKNIFTY-Jun2024-53000-PE,15,BANKNIFTY 19 JUN 53000 PUT,19-06-2024 14:30,53000,PE,5,W,OP,,
NSE,D,41373,OPTIDX,0,BANKNIFTY-Jun2024-53100-CE,15,BANKNIFTY 19 JUN 53100 CALL,19-06-2024 14:30,53100,CE,5,W,OP,,
NSE,D,41376,OPTIDX,0,BANKNIFTY-Jun2024-53100-PE,15,BANKNIFTY 19 JUN 53100 PUT,19-06-2024 14:30,53100,PE,5,W,OP,,
NSE,D,41379,OPTIDX,0,BANKNIFTY-Jun2024-53200-CE,15,BANKNIFTY 19 JUN 53200 CALL,19-06-2024 14:30,53200,CE,5,W,OP,,
NSE,D,41380,OPTIDX,0,BANKNIFTY-Jun2024-53200-PE,15,BANKNIFTY 19 JUN 53200 PUT,19-06-2024 14:30,53200,PE,5,W,OP,,
NSE,D,41382,OPTIDX,0,BANKNIFTY-Jun2024-53300-CE,15,BANKNIFTY 19 JUN 53300 CALL,19-06-2024 14:30,53300,CE,5,W,OP,,
NSE,D,41386,OPTIDX,0,BANKNIFTY-Jun2024-53300-PE,15,BANKNIFTY 19 JUN 53300 PUT,19-06-2024 14:30,53300,PE,5,W,OP,,
NSE,D,41387,OPTIDX,0,BANKNIFTY-Jun2024-53400-CE,15,BANKNIFTY 19 JUN 53400 CALL,19-06-2024 14:30,53400,CE,5,W,OP,,
NSE,D,41388,OPTIDX,0,BANKNIFTY-Jun2024-53400-PE,15,BANKNIFTY 19 JUN 53400 PUT,19-06-2024 14:30,53400,PE,5,W,OP,,
NSE,D,41389,OPTIDX,0,BANKNIFTY-Jun2024-53500-CE,15,BANKNIFTY 19 JUN 53500 CALL,19-06-2024 14:30,53500,CE,5,W,OP,,
NSE,D,41392,OPTIDX,0,BANKNIFTY-Jun2024-53500-PE,15,BANKNIFTY 19 JUN 53500 PUT,19-06-2024 14:30,53500,PE,5,W,OP,,
NSE,D,41393,OPTIDX,0,BANKNIFTY-Jun2024-53600-CE,15,BANKNIFTY 19 JUN 53600 CALL,19-06-2024 14:30,53600,CE,5,W,OP,,
NSE,D,41402,OPTIDX,0,BANKNIFTY-Jun2024-53600-PE,15,BANKNIFTY 19 JUN 53600 PUT,19-06-2024 14:30,53600,PE,5,W,OP,,
NSE,D,41418,OPTIDX,0,BANKNIFTY-Jun2024-53700-CE,15,BANKNIFTY 19 JUN 53700 CALL,19-06-2024 14:30,53700,CE,5,W,OP,,
NSE,D,41419,OPTIDX,0,BANKNIFTY-Jun2024-53700-PE,15,BANKNIFTY 19 JUN 53700 PUT,19-06-2024 14:30,53700,PE,5,W,OP,,
NSE,D,41429,OPTIDX,0,BANKNIFTY-Jun2024-54000-CE,15,BANKNIFTY 19 JUN 54000 CALL,19-06-2024 14:30,54000,CE,5,W,OP,,
NSE,D,41430,OPTIDX,0,BANKNIFTY-Jun2024-54000-PE,15,BANKNIFTY 19 JUN 54000 PUT,19-06-2024 14:30,54000,PE,5,W,OP,,
NSE,D,41440,OPTIDX,0,BANKNIFTY-Jun2024-54500-CE,15,BANKNIFTY 19 JUN 54500 CALL,19-06-2024 14:30,54500,CE,5,W,OP,,
NSE,D,41443,OPTIDX,0,BANKNIFTY-Jun2024-54500-PE,15,BANKNIFTY 19 JUN 54500 PUT,19-06-2024 14:30,54500,PE,5,W,OP,,
NSE,D,41444,OPTIDX,0,BANKNIFTY-Jun2024-55000-CE,15,BANKNIFTY 19 JUN 55000 CALL,19-06-2024 14:30,55000,CE,5,W,OP,,
NSE,D,41445,OPTIDX,0,BANKNIFTY-Jun2024-55000-PE,15,BANKNIFTY 19 JUN 55000 PUT,19-06-2024 14:30,55000,PE,5,W,OP,,
NSE,D,41479,OPTIDX,0,BANKNIFTY-Jun2024-55500-CE,15,BANKNIFTY 19 JUN 55500 CALL,19-06-2024 14:30,55500,CE,5,W,OP,,
NSE,D,41484,OPTIDX,0,BANKNIFTY-Jun2024-55500-PE,15,BANKNIFTY 19 JUN 55500 PUT,19-06-2024 14:30,55500,PE,5,W,OP,,
NSE,D,41485,OPTIDX,0,BANKNIFTY-Jun2024-56000-CE,15,BANKNIFTY 19 JUN 56000 CALL,19-06-2024 14:30,56000,CE,5,W,OP,,
NSE,D,41486,OPTIDX,0,BANKNIFTY-Jun2024-56000-PE,15,BANKNIFTY 19 JUN 56000 PUT,19-06-2024 14:30,56000,PE,5,W,OP,,
NSE,D,41487,OPTIDX,0,BANKNIFTY-Jun2024-56500-CE,15,BANKNIFTY 19 JUN 56500 CALL,19-06-2024 14:30,56500,CE,5,W,OP,,
NSE,D,41488,OPTIDX,0,BANKNIFTY-Jun2024-56500-PE,15,BANKNIFTY 19 JUN 56500 PUT,19-06-2024 14:30,56500,PE,5,W,OP,,
NSE,D,41499,OPTIDX,0,BANKNIFTY-Jun2024-57000-CE,15,BANKNIFTY 19 JUN 57000 CALL,19-06-2024 14:30,57000,CE,5,W,OP,,
NSE,D,41500,OPTIDX,0,BANKNIFTY-Jun2024-57000-PE,15,BANKNIFTY 19 JUN 57000 PUT,19-06-2024 14:30,57000,PE,5,W,OP,,
NSE,D,41501,OPTIDX,0,BANKNIFTY-Jun2024-57500-CE,15,BANKNIFTY 19 JUN 57500 CALL,19-06-2024 14:30,57500,CE,5,W,OP,,
NSE,D,41502,OPTIDX,0,BANKNIFTY-Jun2024-57500-PE,15,BANKNIFTY 19 JUN 57500 PUT,19-06-2024 14:30,57500,PE,5,W,OP,,
NSE,D,41503,OPTIDX,0,BANKNIFTY-Jun2024-58000-CE,15,BANKNIFTY 19 JUN 58000 CALL,19-06-2024 14:30,58000,CE,5,W,OP,,
NSE,D,41504,OPTIDX,0,BANKNIFTY-Jun2024-58000-PE,15,BANKNIFTY 19 JUN 58000 PUT,19-06-2024 14:30,58000,PE,5,W,OP,,
NSE,D,41857,OPTIDX,0,BANKNIFTY-Jun2024-24500-CE,15,BANKNIFTY 19 JUN 24500 CALL,19-06-2024 14:30,24500,CE,5,W,OP,,
NSE,D,41860,OPTIDX,0,BANKNIFTY-Jun2024-24500-PE,15,BANKNIFTY 19 JUN 24500 PUT,19-06-2024 14:30,24500,PE,5,W,OP,,
NSE,D,41861,OPTIDX,0,BANKNIFTY-Jun2024-25000-CE,15,BANKNIFTY 19 JUN 25000 CALL,19-06-2024 14:30,25000,CE,5,W,OP,,
NSE,D,41875,OPTIDX,0,BANKNIFTY-Jun2024-25000-PE,15,BANKNIFTY 19 JUN 25000 PUT,19-06-2024 14:30,25000,PE,5,W,OP,,
NSE,D,41876,OPTIDX,0,BANKNIFTY-Jun2024-25500-CE,15,BANKNIFTY 19 JUN 25500 CALL,19-06-2024 14:30,25500,CE,5,W,OP,,
NSE,D,41879,OPTIDX,0,BANKNIFTY-Jun2024-25500-PE,15,BANKNIFTY 19 JUN 25500 PUT,19-06-2024 14:30,25500,PE,5,W,OP,,
NSE,D,41884,OPTIDX,0,BANKNIFTY-Jun2024-26000-CE,15,BANKNIFTY 19 JUN 26000 CALL,19-06-2024 14:30,26000,CE,5,W,OP,,
NSE,D,41889,OPTIDX,0,BANKNIFTY-Jun2024-26000-PE,15,BANKNIFTY 19 JUN 26000 PUT,19-06-2024 14:30,26000,PE,5,W,OP,,
NSE,D,41890,OPTIDX,0,BANKNIFTY-Jun2024-37900-CE,15,BANKNIFTY 19 JUN 37900 CALL,19-06-2024 14:30,37900,CE,5,W,OP,,
NSE,D,41899,OPTIDX,0,BANKNIFTY-Jun2024-37900-PE,15,BANKNIFTY 19 JUN 37900 PUT,19-06-2024 14:30,37900,PE,5,W,OP,,
NSE,D,41901,OPTIDX,0,BANKNIFTY-Jun2024-38100-CE,15,BANKNIFTY 19 JUN 38100 CALL,19-06-2024 14:30,38100,CE,5,W,OP,,
NSE,D,41916,OPTIDX,0,BANKNIFTY-Jun2024-38100-PE,15,BANKNIFTY 19 JUN 38100 PUT,19-06-2024 14:30,38100,PE,5,W,OP,,
NSE,D,41917,OPTIDX,0,BANKNIFTY-Jun2024-38200-CE,15,BANKNIFTY 19 JUN 38200 CALL,19-06-2024 14:30,38200,CE,5,W,OP,,
NSE,D,41918,OPTIDX,0,BANKNIFTY-Jun2024-38200-PE,15,BANKNIFTY 19 JUN 38200 PUT,19-06-2024 14:30,38200,PE,5,W,OP,,
NSE,D,41921,OPTIDX,0,BANKNIFTY-Jun2024-38300-CE,15,BANKNIFTY 19 JUN 38300 CALL,19-06-2024 14:30,38300,CE,5,W,OP,,
NSE,D,41925,OPTIDX,0,BANKNIFTY-Jun2024-38300-PE,15,BANKNIFTY 19 JUN 38300 PUT,19-06-2024 14:30,38300,PE,5,W,OP,,
NSE,D,41937,OPTIDX,0,BANKNIFTY-Jun2024-38400-CE,15,BANKNIFTY 19 JUN 38400 CALL,19-06-2024 14:30,38400,CE,5,W,OP,,
NSE,D,41938,OPTIDX,0,BANKNIFTY-Jun2024-38400-PE,15,BANKNIFTY 19 JUN 38400 PUT,19-06-2024 14:30,38400,PE,5,W,OP,,
NSE,D,41946,OPTIDX,0,BANKNIFTY-Jun2024-38600-CE,15,BANKNIFTY 19 JUN 38600 CALL,19-06-2024 14:30,38600,CE,5,W,OP,,
NSE,D,41947,OPTIDX,0,BANKNIFTY-Jun2024-38600-PE,15,BANKNIFTY 19 JUN 38600 PUT,19-06-2024 14:30,38600,PE,5,W,OP,,
NSE,D,43284,OPTIDX,0,BANKNIFTY-Jun2024-38700-CE,15,BANKNIFTY 19 JUN 38700 CALL,19-06-2024 14:30,38700,CE,5,W,OP,,
NSE,D,43285,OPTIDX,0,BANKNIFTY-Jun2024-38700-PE,15,BANKNIFTY 19 JUN 38700 PUT,19-06-2024 14:30,38700,PE,5,W,OP,,
NSE,D,44281,OPTIDX,0,BANKNIFTY-Jun2024-58500-CE,15,BANKNIFTY 19 JUN 58500 CALL,19-06-2024 14:30,58500,CE,5,W,OP,,
NSE,D,44282,OPTIDX,0,BANKNIFTY-Jun2024-58500-PE,15,BANKNIFTY 19 JUN 58500 PUT,19-06-2024 14:30,58500,PE,5,W,OP,,
NSE,D,44283,OPTIDX,0,BANKNIFTY-Jun2024-59000-CE,15,BANKNIFTY 19 JUN 59000 CALL,19-06-2024 14:30,59000,CE,5,W,OP,,
NSE,D,44284,OPTIDX,0,BANKNIFTY-Jun2024-59000-PE,15,BANKNIFTY 19 JUN 59000 PUT,19-06-2024 14:30,59000,PE,5,W,OP,,
NSE,D,44285,OPTIDX,0,BANKNIFTY-Jun2024-59500-CE,15,BANKNIFTY 19 JUN 59500 CALL,19-06-2024 14:30,59500,CE,5,W,OP,,
NSE,D,44288,OPTIDX,0,BANKNIFTY-Jun2024-59500-PE,15,BANKNIFTY 19 JUN 59500 PUT,19-06-2024 14:30,59500,PE,5,W,OP,,
NSE,D,44291,OPTIDX,0,BANKNIFTY-Jun2024-60000-CE,15,BANKNIFTY 19 JUN 60000 CALL,19-06-2024 14:30,60000,CE,5,W,OP,,
NSE,D,44292,OPTIDX,0,BANKNIFTY-Jun2024-60000-PE,15,BANKNIFTY 19 JUN 60000 PUT,19-06-2024 14:30,60000,PE,5,W,OP,,
NSE,D,44293,OPTIDX,0,BANKNIFTY-Jun2024-60500-CE,15,BANKNIFTY 19 JUN 60500 CALL,19-06-2024 14:30,60500,CE,5,W,OP,,
NSE,D,44294,OPTIDX,0,BANKNIFTY-Jun2024-60500-PE,15,BANKNIFTY 19 JUN 60500 PUT,19-06-2024 14:30,60500,PE,5,W,OP,,
NSE,D,44295,OPTIDX,0,BANKNIFTY-Jun2024-61000-CE,15,BANKNIFTY 19 JUN 61000 CALL,19-06-2024 14:30,61000,CE,5,W,OP,,
NSE,D,44296,OPTIDX,0,BANKNIFTY-Jun2024-61000-PE,15,BANKNIFTY 19 JUN 61000 PUT,19-06-2024 14:30,61000,PE,5,W,OP,,
NSE,D,44531,OPTIDX,0,BANKNIFTY-Jun2024-61500-CE,15,BANKNIFTY 19 JUN 61500 CALL,19-06-2024 14:30,61500,CE,5,W,OP,,
NSE,D,44532,OPTIDX,0,BANKNIFTY-Jun2024-61500-PE,15,BANKNIFTY 19 JUN 61500 PUT,19-06-2024 14:30,61500,PE,5,W,OP,,
NSE,D,44533,OPTIDX,0,BANKNIFTY-Jun2024-62000-CE,15,BANKNIFTY 19 JUN 62000 CALL,19-06-2024 14:30,62000,CE,5,W,OP,,
NSE,D,44534,OPTIDX,0,BANKNIFTY-Jun2024-62000-PE,15,BANKNIFTY 19 JUN 62000 PUT,19-06-2024 14:30,62000,PE,5,W,OP,,
NSE,D,44535,OPTIDX,0,BANKNIFTY-Jun2024-62500-CE,15,BANKNIFTY 19 JUN 62500 CALL,19-06-2024 14:30,62500,CE,5,W,OP,,
NSE,D,44536,OPTIDX,0,BANKNIFTY-Jun2024-62500-PE,15,BANKNIFTY 19 JUN 62500 PUT,19-06-2024 14:30,62500,PE,5,W,OP,,
NSE,D,46330,OPTIDX,0,BANKNIFTY-Jun2024-38800-CE,15,BANKNIFTY 19 JUN 38800 CALL,19-06-2024 14:30,38800,CE,5,W,OP,,
NSE,D,46331,OPTIDX,0,BANKNIFTY-Jun2024-38800-PE,15,BANKNIFTY 19 JUN 38800 PUT,19-06-2024 14:30,38800,PE,5,W,OP,,
NSE,D,46332,OPTIDX,0,BANKNIFTY-Jun2024-38900-CE,15,BANKNIFTY 19 JUN 38900 CALL,19-06-2024 14:30,38900,CE,5,W,OP,,
NSE,D,46337,OPTIDX,0,BANKNIFTY-Jun2024-38900-PE,15,BANKNIFTY 19 JUN 38900 PUT,19-06-2024 14:30,38900,PE,5,W,OP,,
NSE,D,46861,OPTIDX,0,BANKNIFTY-Jun2024-39100-CE,15,BANKNIFTY 19 JUN 39100 CALL,19-06-2024 14:30,39100,CE,5,W,OP,,
NSE,D,46862,OPTIDX,0,BANKNIFTY-Jun2024-39100-PE,15,BANKNIFTY 19 JUN 39100 PUT,19-06-2024 14:30,39100,PE,5,W,OP,,
NSE,D,50848,OPTIDX,0,BANKNIFTY-Jun2024-39200-CE,15,BANKNIFTY 19 JUN 39200 CALL,19-06-2024 14:30,39200,CE,5,W,OP,,
NSE,D,50849,OPTIDX,0,BANKNIFTY-Jun2024-39200-PE,15,BANKNIFTY 19 JUN 39200 PUT,19-06-2024 14:30,39200,PE,5,W,OP,,
NSE,D,53840,OPTIDX,0,BANKNIFTY-Jun2024-39300-CE,15,BANKNIFTY 19 JUN 39300 CALL,19-06-2024 14:30,39300,CE,5,W,OP,,
NSE,D,53841,OPTIDX,0,BANKNIFTY-Jun2024-39300-PE,15,BANKNIFTY 19 JUN 39300 PUT,19-06-2024 14:30,39300,PE,5,W,OP,,
NSE,D,54509,OPTIDX,0,BANKNIFTY-Jun2024-39400-CE,15,BANKNIFTY 19 JUN 39400 CALL,19-06-2024 14:30,39400,CE,5,W,OP,,
NSE,D,54510,OPTIDX,0,BANKNIFTY-Jun2024-39400-PE,15,BANKNIFTY 19 JUN 39400 PUT,19-06-2024 14:30,39400,PE,5,W,OP,,
NSE,D,54511,OPTIDX,0,BANKNIFTY-Jun2024-39600-CE,15,BANKNIFTY 19 JUN 39600 CALL,19-06-2024 14:30,39600,CE,5,W,OP,,
NSE,D,54512,OPTIDX,0,BANKNIFTY-Jun2024-39600-PE,15,BANKNIFTY 19 JUN 39600 PUT,19-06-2024 14:30,39600,PE,5,W,OP,,
NSE,D,54513,OPTIDX,0,BANKNIFTY-Jun2024-39700-CE,15,BANKNIFTY 19 JUN 39700 CALL,19-06-2024 14:30,39700,CE,5,W,OP,,
NSE,D,54514,OPTIDX,0,BANKNIFTY-Jun2024-39700-PE,15,BANKNIFTY 19 JUN 39700 PUT,19-06-2024 14:30,39700,PE,5,W,OP,,
NSE,D,54515,OPTIDX,0,BANKNIFTY-Jun2024-39800-CE,15,BANKNIFTY 19 JUN 39800 CALL,19-06-2024 14:30,39800,CE,5,W,OP,,
NSE,D,54516,OPTIDX,0,BANKNIFTY-Jun2024-39800-PE,15,BANKNIFTY 19 JUN 39800 PUT,19-06-2024 14:30,39800,PE,5,W,OP,,
NSE,D,54517,OPTIDX,0,BANKNIFTY-Jun2024-39900-CE,15,BANKNIFTY 19 JUN 39900 CALL,19-06-2024 14:30,39900,CE,5,W,OP,,
NSE,D,54518,OPTIDX,0,BANKNIFTY-Jun2024-39900-PE,15,BANKNIFTY 19 JUN 39900 PUT,19-06-2024 14:30,39900,PE,5,W,OP,,
NSE,D,58199,OPTIDX,0,BANKNIFTY-Jun2024-55100-CE,15,BANKNIFTY 19 JUN 55100 CALL,19-06-2024 14:30,55100,CE,5,W,OP,,
NSE,D,65121,OPTIDX,0,BANKNIFTY-Jun2024-55100-PE,15,BANKNIFTY 19 JUN 55100 PUT,19-06-2024 14:30,55100,PE,5,W,OP,,
NSE,D,65122,OPTIDX,0,BANKNIFTY-Jun2024-55200-CE,15,BANKNIFTY 19 JUN 55200 CALL,19-06-2024 14:30,55200,CE,5,W,OP,,
NSE,D,65123,OPTIDX,0,BANKNIFTY-Jun2024-55200-PE,15,BANKNIFTY 19 JUN 55200 PUT,19-06-2024 14:30,55200,PE,5,W,OP,,
NSE,D,65124,OPTIDX,0,BANKNIFTY-Jun2024-55300-CE,15,BANKNIFTY 19 JUN 55300 CALL,19-06-2024 14:30,55300,CE,5,W,OP,,
NSE,D,65125,OPTIDX,0,BANKNIFTY-Jun2024-55300-PE,15,BANKNIFTY 19 JUN 55300 PUT,19-06-2024 14:30,55300,PE,5,W,OP,,
NSE,D,65126,OPTIDX,0,BANKNIFTY-Jun2024-64500-CE,15,BANKNIFTY 19 JUN 64500 CALL,19-06-2024 14:30,64500,CE,5,W,OP,,
NSE,D,65129,OPTIDX,0,BANKNIFTY-Jun2024-64500-PE,15,BANKNIFTY 19 JUN 64500 PUT,19-06-2024 14:30,64500,PE,5,W,OP,,
